TOI,TIC ID,Disposition
1001.01,88863718,PC
1007.01,65212867,PC
1009.01,107782586,PC
1011.01,114018671,PC
1019.01,341420329,PC
1025.01,297967252,PC
1027.01,20318757,PC
1027.02,20318757,PC
1027.03,20318757,PC
1032.01,146589986,PC
1035.01,361413119,PC
1036.01,146172354,PC
1042.01,360286627,PC
1044.01,463402815,PC
1056.01,421894914,PC
1057.01,323132914,PC
1058.01,31553893,PC
1059.01,380783252,PC
1063.01,406976746,PC
1074.01,327301957,PC
1077.01,369960846,PC
1079.01,379240073,PC
1080.01,161032923,PC
1081.01,253728991,PC
1082.01,261108236,PC
1083.01,322270620,PC
1086.01,468148930,PC
1091.01,193413306,PC
1095.01,375223080,PC
1100.01,318608749,PC
1103.01,351603103,PC
1104.01,451599528,PC
1106.01,384513078,PC
1116.01,304100538,PC
1117.01,295541511,PC
1125.01,80166433,PC
1131.01,198213332,PC
1137.01,89389197,PC
1139.01,202563254,PC
1154.01,459970307,PC
1162.01,13419950,PC
1163.01,375542276,PC
1169.01,302518439,PC
1174.01,154089169,PC
1176.01,230088370,PC
1180.01,158002130,PC
1184.01,233087860,PC
1187.01,372757221,PC
1189.01,112026224,PC
119.01,278683844,PC
119.02,278683844,PC
1194.01,147950620,PC
1196.01,69068526,PC
1197.01,92677094,PC
1204.01,467666275,PC
1205.01,287776397,PC
1207.01,364393429,PC
1208.01,273985865,PC
1208.02,273985865,PC
1208.03,273985865,PC
1209.01,30037565,PC
1211.01,50312495,PC
1212.01,389924075,PC
1214.01,451606970,PC
1215.01,453260209,PC
1216.01,141527965,PC
1217.01,248092710,PC
1218.01,294781547,PC
1219.01,294981566,PC
1222.01,374997123,PC
1224.01,299798795,PC
1224.02,299798795,PC
1225.01,150428703,PC
1225.02,150428703,PC
1226.01,177115354,PC
1232.01,364395234,PC
1238.01,153951307,PC
1238.02,153951307,PC
1241.01,159107668,PC
1242.01,198212955,PC
1243.01,219698776,PC
1244.01,219850915,PC
1245.01,229781583,PC
1247.01,232540264,PC
1248.01,232612416,PC
1249.01,232976128,PC
1252.01,233211762,PC
1254.01,236714379,PC
1258.01,288132261,PC
1261.01,356311210,PC
1262.01,365938305,PC
1263.01,406672232,PC
1264.01,416195870,PC
1269.01,198241702,PC
1269.02,198241702,PC
1274.01,459969957,PC
1277.02,153949511,PC
1279.01,224297258,PC
128.01,391949880,PC
1280.01,230017324,PC
1281.01,232971294,PC
1287.01,352764091,PC
1291.01,198186769,PC
1293.01,202504234,PC
1295.01,219852584,PC
1301.01,356867115,PC
1301.02,356867115,PC
1302.01,441797803,PC
1312.01,405904232,PC
1318.01,167092385,PC
1320.01,167403519,PC
133.01,219338557,PC
1345.01,160487753,PC
1346.01,219852882,PC
1346.02,219852882,PC
1347.01,229747848,PC
1347.02,229747848,PC
1350.01,233953967,PC
1355.01,372264750,PC
1356.01,277566483,PC
1361.01,277447970,PC
1362.01,395142888,PC
1364.01,26880783,PC
1381.01,275722992,PC
1389.01,353038705,PC
1404.01,352239069,PC
1404.02,352239069,PC
1410.01,199444169,PC
1413.01,119700084,PC
1415.01,148782377,PC
142.01,425934411,PC
1420.01,321857016,PC
1424.01,418959198,PC
1432.01,256783784,PC
1434.01,138588540,PC
1435.01,153976959,PC
1436.01,154383539,PC
1437.01,198356533,PC
1438.01,229650439,PC
1438.02,229650439,PC
1440.01,233617847,PC
1440.02,233617847,PC
1441.01,233951353,PC
1443.01,237232044,PC
1445.01,259172391,PC
1445.02,259172391,PC
1446.01,294471966,PC
1446.02,294471966,PC
1448.01,343628284,PC
1449.02,356158613,PC
145.01,265612438,PC
1450.01,377293776,PC
1451.01,417931607,PC
1453.01,198390247,PC
1453.02,198390247,PC
1454.01,294179385,PC
1464.01,229944666,PC
1466.01,237086564,PC
1467.01,240968774,PC
1472.01,306955329,PC
1473.01,352413427,PC
1475.01,431514478,PC
1482.01,252616865,PC
149.01,260985861,PC
1491.01,53875855,PC
1520.01,269238073,PC
1527.01,202375913,PC
1532.01,327579226,PC
1533.01,345143460,PC
1533.02,345143460,PC
1537.01,173612049,PC
1538.01,177244357,PC
1544.01,455791689,PC
1546.01,194203348,PC
155.01,129637892,PC
1551.01,288348498,PC
1559.01,241040309,PC
1560.01,241076290,PC
1563.01,249945230,PC
1565.01,251384275,PC
1581.01,370759867,PC
1586.01,445144327,PC
1588.01,50120414,PC
159.01,394657039,PC
1598.01,67418624,PC
161.01,348770361,PC
1610.01,219776325,PC
1616.01,322054600,PC
1620.01,378291076,PC
1621.01,387260717,PC
1630.01,317597583,PC
1638.01,312862941,PC
1641.01,422923265,PC
1643.01,298647682,PC
1648.01,376353509,PC
1652.01,154867950,PC
1653.01,156724719,PC
1654.01,258829450,PC
1655.01,266500992,PC
1659.01,288631580,PC
1659.02,288631580,PC
166.01,147203645,PC
1664.01,353782445,PC
1669.01,428679607,PC
167.01,149990841,PC
1670.03,441739020,PC
1675.01,81831095,PC
1677.01,87090944,PC
168.01,369457671,PC
1681.01,321041369,PC
1683.01,58542531,PC
1684.01,85031598,PC
1686.01,102672709,PC
1687.01,103448870,PC
1691.01,268334473,PC
1692.01,288636342,PC
1692.02,288636342,PC
1697.01,1884091865,PC
1698.01,190223929,PC
1699.01,22705558,PC
170.01,394698182,PC
1701.01,274215536,PC
1703.01,453387619,PC
1706.01,230377505,PC
1706.02,230377505,PC
1709.01,29119552,PC
171.01,309257814,PC
1713.01,15863518,PC
1716.01,14336130,PC
1717.01,149833117,PC
1718.01,257241363,PC
1719.01,293617835,PC
1722.01,85242435,PC
1723.01,71431780,PC
1727.01,241225337,PC
173.01,270341214,PC
173.02,270341214,PC
1730.01,318022259,PC
1730.02,318022259,PC
1730.03,318022259,PC
1732.01,470987100,PC
1734.01,224596152,PC
1735.01,365673804,PC
1737.01,233009109,PC
1738.01,104208182,PC
1739.01,159418353,PC
1740.01,174041208,PC
1741.01,198206613,PC
1742.01,219857012,PC
1743.01,219860288,PC
1744.01,229455001,PC
1745.01,232635922,PC
1746.01,232650365,PC
1746.02,232650365,PC
1747.01,233071822,PC
1748.01,233071926,PC
1750.01,237099296,PC
1752.01,287139872,PC
1752.02,287139872,PC
1753.01,289580577,PC
1754.01,332477926,PC
1756.01,364074068,PC
1757.01,367753709,PC
1757.02,367753709,PC
1758.01,367858035,PC
1761.01,424391516,PC
1762.01,435680451,PC
1763.01,441739871,PC
1764.01,1551345500,PC
1765.01,272672133,PC
1768.01,137906197,PC
1772.01,85293053,PC
1772.02,85293053,PC
1775.01,9348006,PC
1776.01,21535395,PC
1777.01,29191624,PC
1778.01,39699648,PC
1782.01,160045097,PC
1782.02,160045097,PC
1782.03,160045097,PC
1783.01,229938290,PC
1785.01,230386259,PC
1787.01,372730331,PC
1792.01,29191596,PC
1794.01,286916251,PC
1798.01,198153540,PC
1798.02,198153540,PC
1799.01,8967242,PC
1802.01,138762614,PC
1803.01,144401492,PC
1803.02,144401492,PC
1804.01,148679712,PC
1805.01,165763244,PC
1806.01,166648874,PC
1806.02,166648874,PC
1806.03,166648874,PC
1812.01,207425167,PC
1812.02,207425167,PC
1812.03,207425167,PC
1814.01,160440924,PC
1817.01,285094173,PC
1818.01,330799746,PC
1823.01,142381532,PC
1824.01,142387023,PC
1825.01,229750058,PC
1829.01,235905185,PC
1832.01,307956397,PC
1835.01,347332255,PC
1835.02,347332255,PC
1836.02,207468071,PC
1839.01,381714186,PC
1845.01,272758199,PC
1846.01,198385543,PC
1847.02,54002556,PC
1852.01,219728669,PC
1854.01,157225097,PC
1855.01,81247740,PC
1858.01,424733642,PC
1861.01,323295479,PC
1866.01,400430915,PC
1868.01,230087585,PC
1869.01,299780329,PC
1870.01,230375747,PC
1872.01,229490898,PC
1873.01,328933398,PC
1873.02,328933398,PC
1873.03,328933398,PC
1875.01,233047097,PC
1876.01,233078665,PC
1878.01,219762508,PC
1879.01,243335710,PC
1880.01,359357695,PC
1881.01,59859387,PC
1882.01,396368313,PC
1883.01,348755728,PC
1884.01,219879302,PC
1886.01,403136415,PC
1887.01,229586455,PC
1889.01,139771134,PC
1890.01,288636599,PC
1892.01,63698669,PC
1893.01,264544388,PC
1894.01,280865159,PC
1895.01,384159646,PC
1896.01,174302697,PC
1938.01,128449971,PC
1940.01,7413227,PC
1943.01,382980571,PC
1949.01,334125713,PC
1951.01,356590734,PC
1954.01,466113537,PC
1958.01,356747847,PC
196.01,234519192,PC
1960.01,318828309,PC
1961.01,179319057,PC
1963.01,190271688,PC
1964.01,242083025,PC
1966.01,242120884,PC
1970.01,162695785,PC
1972.01,267414551,PC
1973.01,47617161,PC
1981.01,378613125,PC
1982.01,437329044,PC
1994.01,445903569,PC
1995.01,299023386,PC
1997.01,142378043,PC
2001.01,118084044,PC
2003.01,58463434,PC
2005.01,147660886,PC
2007.01,219466784,PC
2009.01,243187830,PC
201.02,350618622,PC
2010.01,26547036,PC
2015.01,368287008,PC
2016.01,219508169,PC
2016.02,219508169,PC
2016.03,219508169,PC
202.01,355509914,PC
2026.01,407059875,PC
2031.01,470127886,PC
2033.01,53617134,PC
2035.01,53709089,PC
2036.01,368320811,PC
2037.01,405559035,PC
2039.01,237071229,PC
204.01,281781375,PC
2040.01,427730490,PC
2043.01,346929661,PC
2045.01,347013211,PC
2049.01,314835525,PC
205.01,281575427,PC
2050.01,316468545,PC
2051.01,375850439,PC
2057.01,229888286,PC
2063.01,334811204,PC
2067.01,147951030,PC
2068.01,417931300,PC
2069.01,198187049,PC
2070.01,233182695,PC
2071.01,198360694,PC
2072.01,900715901,PC
2073.01,441642457,PC
2074.01,158075010,PC
2075.01,23814735,PC
2077.01,230075227,PC
2079.01,224298134,PC
2079.02,224298134,PC
208.01,314865962,PC
2080.01,367739494,PC
2081.02,321669174,PC
2082.01,160039081,PC
2083.01,233633993,PC
2085.01,103633672,PC
2086.01,230387153,PC
2086.02,230387153,PC
2087.01,219462190,PC
2088.01,441765914,PC
2089.01,341815197,PC
209.01,52204645,PC
2090.01,233721037,PC
2091.01,219778329,PC
2092.01,393965778,PC
2093.01,402898317,PC
2094.01,356016119,PC
2098.01,356700488,PC
210.01,141608198,PC
2100.01,219436394,PC
2101.01,165527918,PC
2102.01,289590465,PC
2102.02,289590465,PC
2103.01,160491359,PC
2103.02,160491359,PC
2104.01,367630162,PC
2104.02,367630162,PC
2104.03,367630162,PC
2104.04,367630162,PC
2104.05,367630162,PC
2105.01,156199502,PC
2107.01,446549906,PC
2112.01,427320001,PC
2112.02,427320001,PC
2113.01,1400212743,PC
2114.01,9828416,PC
2120.01,389900760,PC
2123.01,105840719,PC
2128.01,21832928,PC
213.01,234345288,PC
213.02,234345288,PC
2133.01,39200363,PC
2134.01,75878355,PC
2134.02,75878355,PC
214.01,167415965,PC
214.02,167415965,PC
2142.01,44313455,PC
2143.01,103195323,PC
2144.01,428988981,PC
2147.01,341630071,PC
2149.01,1716467085,PC
215.01,231912935,PC
2155.01,461591646,PC
2160.01,284477310,PC
2163.01,43429656,PC
2166.01,233680651,PC
2169.01,8516795,PC
2170.01,154741689,PC
2174.01,159815224,PC
218.01,32090583,PC
218.02,32090583,PC
2181.01,233068569,PC
2183.01,1715469662,PC
2185.01,355096431,PC
2186.01,238171173,PC
2187.01,270472265,PC
2188.01,260797169,PC
2189.01,270342589,PC
2190.01,389421473,PC
2191.01,262471759,PC
2192.01,277890574,PC
2195.01,24695044,PC
2200.01,142105158,PC
2201.01,219306934,PC
2205.01,260298958,PC
2208.01,38680052,PC
2209.01,271806353,PC
2210.01,317089588,PC
2211.01,212253390,PC
2212.01,280803917,PC
2213.01,406318573,PC
2214.01,272236017,PC
2216.01,39018923,PC
2217.01,234330672,PC
2219.01,278138619,PC
2220.01,150437346,PC
2222.01,306510653,PC
2223.01,273695332,PC
2224.01,388198242,PC
2225.01,271891552,PC
2226.01,403135192,PC
2227.01,405425498,PC
2227.02,405425498,PC
2229.01,143410850,PC
2232.01,439444938,PC
2238.01,231077395,PC
2241.01,96973930,PC
2242.01,92562123,PC
2244.01,1989628303,PC
2245.01,278415929,PC
2248.01,179580045,PC
225.01,47525799,PC
2251.01,229715760,PC
2252.01,233066156,PC
2254.01,233688779,PC
2255.01,265146266,PC
2256.01,262880065,PC
2259.01,219501568,PC
2261.01,229787062,PC
2262.01,165530380,PC
2263.01,159400561,PC
2264.01,235943205,PC
2265.01,310231275,PC
2266.01,8348911,PC
2267.01,459837008,PC
2267.02,459837008,PC
2267.03,459837008,PC
2268.01,20203297,PC
2269.02,441798995,PC
2269.03,441798995,PC
227.01,2760710,PC
2270.01,198178505,PC
2273.01,142117976,PC
2274.01,289164482,PC
2274.02,289164482,PC
2275.01,272679240,PC
2276.01,198456933,PC
2277.01,288516853,PC
2278.01,243313296,PC
2279.01,115623434,PC
2280.01,115583726,PC
2281.01,264171144,PC
2282.01,237211410,PC
2286.01,237201858,PC
2287.01,160077104,PC
2288.01,462615350,PC
2289.01,82452140,PC
2290.01,321688498,PC
2291.01,236934937,PC
2292.01,236934268,PC
2293.01,71347873,PC
2294.01,284361752,PC
2295.01,48018596,PC
2296.01,165554103,PC
2297.01,233500935,PC
2298.01,229608594,PC
2300.01,280031353,PC
2300.02,280031353,PC
2300.03,280031353,PC
2301.01,283829553,PC
2304.01,70420766,PC
2306.01,147284470,PC
2307.01,270219048,PC
2308.01,234489976,PC
2309.01,328012209,PC
2310.01,38467100,PC
2312.01,147425389,PC
2313.01,325468685,PC
2314.01,355446093,PC
2321.01,138126035,PC
2322.01,300812741,PC
2322.02,300812741,PC
2324.01,69819610,PC
2326.01,175456679,PC
2327.01,177308364,PC
2328.01,394287035,PC
2329.01,238920875,PC
233.01,415969908,PC
233.02,415969908,PC
2331.01,168751223,PC
2332.01,286000547,PC
2333.01,358579111,PC
2334.01,200743403,PC
2336.01,88902249,PC
2339.01,279514271,PC
234.01,12423815,PC
2341.01,100267480,PC
2343.01,166834768,PC
2344.01,311179742,PC
2345.01,91555165,PC
2345.02,91555165,PC
2346.01,317483660,PC
2348.01,317019074,PC
235.01,280095254,PC
2350.01,47601197,PC
2350.02,47601197,PC
2352.01,32925763,PC
2353.01,177079323,PC
2355.01,124515764,PC
2356.01,30947715,PC
2357.01,124206468,PC
2358.01,124095888,PC
2359.01,436102447,PC
2361.01,204671232,PC
2362.01,302924206,PC
2363.01,445456888,PC
2367.01,441159680,PC
2368.01,401125028,PC
2369.01,220068921,PC
2370.01,347357977,PC
2371.01,432132155,PC
2374.01,439366538,PC
2375.01,164150537,PC
2376.01,326522874,PC
2378.01,231063955,PC
2379.01,201177276,PC
2381.01,39080923,PC
2382.01,2760219,PC
2384.01,382602147,PC
2385.01,231850364,PC
2388.01,382625239,PC
2389.01,89544985,PC
2390.01,369965258,PC
2391.01,299897516,PC
2392.01,149349867,PC
2392.02,149349867,PC
2392.03,149349867,PC
2393.01,231071138,PC
2394.01,144297844,PC
2395.01,144124187,PC
2397.01,306337838,PC
2398.01,322807675,PC
2399.01,219701535,PC
240.01,101948569,PC
2401.01,11521555,PC
2402.01,1525480,PC
2404.01,142087638,PC
2404.02,142087638,PC
2404.03,142087638,PC
2405.01,231297123,PC
2407.01,153078576,PC
2408.01,67630845,PC
2415.01,161223358,PC
2419.01,358248442,PC
2420.01,268532343,PC
2423.01,197807043,PC
2425.01,248387177,PC
2426.01,97486178,PC
2429.01,420051632,PC
2430.01,23170835,PC
2431.01,258804746,PC
2432.01,347553438,PC
2433.01,405763009,PC
2435.01,298164705,PC
2436.01,154568734,PC
2437.01,251094370,PC
2439.01,274194927,PC
2441.01,219175972,PC
2441.02,219175972,PC
2446.01,142868621,PC
2448.02,231721005,PC
2449.01,170729775,PC
245.01,154618248,PC
2450.01,408114363,PC
2453.01,59128183,PC
2454.01,67782629,PC
2455.01,434260570,PC
2456.01,311271011,PC
2457.01,117799904,PC
2458.01,449197831,PC
2462.01,248434780,PC
2463.01,452375478,PC
2465.01,146523262,PC
2467.01,71013298,PC
2470.01,298981199,PC
2471.01,71088556,PC
2472.01,248650906,PC
2473.01,399868187,PC
2474.01,449257028,PC
2477.01,412054152,PC
2478.01,262435954,PC
2479.01,167661160,PC
248.01,201793781,PC
2481.01,262258341,PC
2482.01,117938087,PC
2484.01,68035559,PC
2485.01,328934463,PC
2486.01,369376388,PC
2487.01,394346745,PC
2488.01,139251123,PC
249.01,179985715,PC
2490.01,77437543,PC
2493.01,123664207,PC
2494.01,282576340,PC
2494.02,282576340,PC
2495.01,33091590,PC
2496.01,160328683,PC
2500.01,206785987,PC
2501.01,134471108,PC
2504.01,206906112,PC
2505.01,443127052,PC
2507.01,354519019,PC
2508.01,147430118,PC
2512.01,124491883,PC
2513.01,59842822,PC
2514.01,317134140,PC
2515.01,123627908,PC
2516.01,295947393,PC
2518.01,96925186,PC
2519.01,47720259,PC
2520.01,177414713,PC
2522.01,148883384,PC
2523.01,443213925,PC
2526.01,380836882,PC
2527.01,126572546,PC
2528.01,83154030,PC
253.01,322063810,PC
2530.01,52059926,PC
2531.01,262843259,PC
2532.01,20579360,PC
2533.01,418012030,PC
2534.01,219332978,PC
2535.01,204698337,PC
2536.01,20299658,PC
2537.01,399967279,PC
2538.01,443115574,PC
2539.01,201508515,PC
2540.01,354518617,PC
2541.01,31054498,PC
2542.01,431971818,PC
2544.01,341419787,PC
2549.01,80711765,PC
2551.01,6276559,PC
2552.01,31515092,PC
2553.01,238542895,PC
2557.01,269400980,PC
2558.01,283307274,PC
2559.01,441453629,PC
2560.01,441155146,PC
2561.01,422385684,PC
2562.01,420177051,PC
2563.01,387409975,PC
2564.01,334482103,PC
2565.01,321086563,PC
2566.01,284679064,PC
2568.01,257067559,PC
2569.01,248655556,PC
2572.01,234489133,PC
2573.01,160037058,PC
2574.01,159332859,PC
2575.01,142784687,PC
2576.01,115453244,PC
2577.01,112316665,PC
2578.01,104986789,PC
2580.01,102713734,PC
2581.01,37862966,PC
2582.01,21279791,PC
2584.01,458641144,PC
2586.01,458647887,PC
2588.01,284418751,PC
2590.01,234832821,PC
2592.01,284122875,PC
2593.01,258983679,PC
2594.01,229167359,PC
2597.01,220139435,PC
2599.01,235333495,PC
260.01,37749396,PC
2600.01,234160911,PC
2601.01,456844391,PC
2603.01,176772671,PC
2606.01,355800238,PC
2608.01,269850928,PC
261.01,63898957,PC
2612.01,149572298,PC
2613.01,52315301,PC
2614.01,263075864,PC
2615.01,38965512,PC
2616.01,273850708,PC
2617.01,260537454,PC
2618.01,231076038,PC
2619.01,31943299,PC
2620.01,394346647,PC
2621.01,388202128,PC
2622.01,382259755,PC
2624.01,349410350,PC
2625.01,308396509,PC
2626.01,300604770,PC
2627.01,262829328,PC
2628.01,260541432,PC
2629.01,259901731,PC
2630.01,391900348,PC
2631.01,140067837,PC
2633.01,386131764,PC
2634.01,318812447,PC
2635.01,358557578,PC
2636.01,119925436,PC
2638.01,458342769,PC
2639.01,98753307,PC
2640.01,135036669,PC
2645.01,372818426,PC
2647.01,234527228,PC
2648.01,231833236,PC
2649.01,230980206,PC
2650.01,453100296,PC
2652.01,372852036,PC
2654.01,200805484,PC
2655.01,166851829,PC
2656.01,231065398,PC
2657.01,160004025,PC
2658.01,31634579,PC
2659.01,147456499,PC
266.01,164767175,PC
266.02,164767175,PC
2660.01,372817671,PC
2661.01,144125079,PC
2662.01,423672208,PC
2665.01,186936449,PC
2668.01,192076548,PC
2670.01,190721237,PC
2673.01,1018843,PC
2676.01,420016507,PC
2677.01,398736713,PC
2678.01,354517490,PC
2679.01,323295908,PC
268.01,219253008,PC
2681.01,209408136,PC
2682.01,200803270,PC
2683.01,200320748,PC
2684.01,161568891,PC
2685.01,161479081,PC
2686.01,159989004,PC
2687.01,155993822,PC
2688.01,98728690,PC
2689.01,92363023,PC
2690.01,92359852,PC
2691.01,71345362,PC
2692.01,38399060,PC
2693.01,30016082,PC
2696.01,139445621,PC
2697.01,139445453,PC
2698.01,100683605,PC
2699.01,77958378,PC
2700.01,56096837,PC
2701.01,44791617,PC
2702.01,43604949,PC
2703.01,43475220,PC
2704.01,32677675,PC
2705.01,169448771,PC
2706.01,457202957,PC
2709.01,452810326,PC
2710.01,408231638,PC
2711.01,396896334,PC
2712.01,362026280,PC
2713.01,332660287,PC
2714.01,332534326,PC
2715.01,311239796,PC
2716.01,284859630,PC
2718.01,248655096,PC
2719.01,176314383,PC
2720.01,169448297,PC
2721.01,167714124,PC
2722.01,153725446,PC
2723.01,152477897,PC
2724.01,119290630,PC
2726.01,100589633,PC
2727.01,51830822,PC
2728.01,42763678,PC
2729.01,39724477,PC
2730.01,37240067,PC
2731.01,34729329,PC
2733.01,34266522,PC
2734.01,21505121,PC
2735.01,20069685,PC
2736.01,91869778,PC
2737.01,445946478,PC
2738.01,445145355,PC
2739.01,319473643,PC
2741.01,283303192,PC
2742.01,282102605,PC
2745.01,237770757,PC
2746.01,237736186,PC
2748.01,237552878,PC
2749.01,235448190,PC
2750.01,235300016,PC
2751.01,231157209,PC
2752.01,170367033,PC
2753.01,168191686,PC
2755.01,148004811,PC
2756.01,147437399,PC
2757.01,147125706,PC
2758.01,147034452,PC
2761.01,96736412,PC
2763.01,78441371,PC
2764.01,53122063,PC
2765.01,52976395,PC
2767.01,48806546,PC
2768.01,443556801,PC
2769.01,443534757,PC
2770.01,438057373,PC
2772.01,435934762,PC
2774.01,388934707,PC
2776.01,35636165,PC
2777.01,35483319,PC
2778.01,332860211,PC
2780.01,317546777,PC
2781.01,317417916,PC
2782.01,306903715,PC
2783.01,302976834,PC
2784.01,302766000,PC
2785.01,300204369,PC
2786.01,281987399,PC
2787.01,270677031,PC
2788.01,255756918,PC
279.01,122613513,PC
2790.01,247518629,PC
2791.01,237406657,PC
2792.01,237362186,PC
2793.01,235077268,PC
2794.01,232139628,PC
2795.01,232052748,PC
2797.01,206897186,PC
2798.01,160347548,PC
2799.01,156887426,PC
280.01,42054565,PC
2800.01,147804034,PC
2801.01,140287227,PC
2802.01,139444326,PC
2804.01,44764338,PC
2806.01,193220940,PC
2807.01,11936042,PC
2808.01,192988021,PC
2809.01,45655786,PC
281.01,38696105,PC
2810.01,80682484,PC
2813.01,133427311,PC
2814.01,268187322,PC
2815.01,306663205,PC
2817.01,285526706,PC
2820.01,130948731,PC
2821.01,281489322,PC
2822.01,130349701,PC
2823.01,271035369,PC
2824.01,128135100,PC
2825.01,268496304,PC
2826.01,123462119,PC
2827.01,440775339,PC
283.01,382626661,PC
2831.01,259165246,PC
2832.01,107340585,PC
2833.01,238335094,PC
2833.02,238335094,PC
2834.01,156172268,PC
2836.01,144628120,PC
2840.01,178577607,PC
2841.01,79930628,PC
2843.01,79030066,PC
2844.01,387342052,PC
2846.01,66151343,PC
2847.01,175604949,PC
2849.01,61687533,PC
285.01,220459976,PC
2850.01,453105377,PC
2851.01,174206540,PC
2852.01,52869977,PC
2853.01,173818213,PC
2854.01,50989813,PC
2855.01,437156845,PC
2856.01,172630205,PC
2858.01,47587394,PC
2859.01,157655504,PC
286.01,150030205,PC
286.02,150030205,PC
2860.01,419029830,PC
2861.01,157572174,PC
2862.01,231937059,PC
2864.01,157011920,PC
2865.01,231337271,PC
2866.01,409896170,PC
2867.01,156949982,PC
2868.01,147857396,PC
2869.01,409264172,PC
287.01,2758565,PC
2870.01,14709225,PC
2871.01,155807906,PC
2872.01,151930063,PC
2873.01,119448220,PC
2875.01,385658469,PC
2876.01,10827386,PC
2877.01,348477542,PC
288.01,47316976,PC
2880.01,344140617,PC
2881.01,320541238,PC
2882.01,142405475,PC
2883.01,319932686,PC
2884.01,318413374,PC
2885.01,140019355,PC
2886.01,318796593,PC
2887.01,134183038,PC
2888.01,80713983,PC
2889.01,355796887,PC
289.01,201292545,PC
2890.01,355655412,PC
2891.01,342167886,PC
2892.01,340559155,PC
2893.01,340144218,PC
2894.01,315120585,PC
2895.01,315117300,PC
2896.01,310537530,PC
2897.01,308987429,PC
2898.01,308612785,PC
2899.01,307366709,PC
2900.01,298206077,PC
2901.01,295093397,PC
2903.01,268125229,PC
2904.01,267536225,PC
2905.01,260120451,PC
2906.01,192259856,PC
2907.01,192003741,PC
2908.01,191671884,PC
2909.01,191496430,PC
2910.01,141574742,PC
2911.01,141141249,PC
2912.01,118406995,PC
2913.01,101588793,PC
2914.01,90127880,PC
2915.01,89617284,PC
2916.01,76663549,PC
2917.01,75744886,PC
2918.01,74881311,PC
2919.01,74274839,PC
292.01,180285396,PC
2920.01,48210046,PC
2921.01,45896295,PC
2922.01,45492609,PC
2923.01,45299834,PC
2924.01,45048546,PC
2925.01,44510874,PC
2926.01,34499178,PC
2927.01,33651215,PC
2928.01,33159936,PC
2929.01,31975443,PC
2930.01,30300445,PC
2931.01,29505837,PC
2932.01,29418536,PC
2934.01,28945511,PC
2935.01,24837152,PC
2937.01,18794442,PC
2938.01,11417087,PC
2939.01,5485318,PC
2940.01,5224772,PC
2942.01,3840990,PC
2943.01,3233861,PC
2944.01,340700241,PC
2945.01,286152207,PC
2946.01,302798365,PC
2948.01,357896777,PC
2949.01,357299852,PC
2950.01,356206412,PC
2951.01,304025075,PC
2952.01,302527524,PC
2953.01,469184909,PC
2954.01,464328419,PC
2955.01,464326872,PC
2956.01,463508231,PC
2957.01,463469906,PC
2958.01,463203560,PC
296.01,382463648,PC
2960.01,462072242,PC
2961.01,446684383,PC
2962.01,444394183,PC
2964.01,439512298,PC
2965.01,146841337,PC
2966.01,136504576,PC
2968.01,103183399,PC
2969.01,36452991,PC
297.01,115242351,PC
2970.01,461136782,PC
2971.01,453452264,PC
2972.01,448536355,PC
2973.01,437259571,PC
2974.01,437253811,PC
2975.01,423393242,PC
2976.01,413372087,PC
2978.01,315096343,PC
2979.01,311252710,PC
2980.01,289931756,PC
2981.01,287145649,PC
2982.01,211446495,PC
2983.01,168449943,PC
2984.01,168405330,PC
2985.01,168384845,PC
2986.01,148497855,PC
2988.01,105759569,PC
2989.01,97825640,PC
299.01,156075294,PC
2990.01,73433128,PC
2991.01,49046332,PC
2992.01,49045066,PC
2993.01,48768158,PC
2994.01,36718161,PC
2995.01,36381058,PC
2996.01,35855047,PC
2997.01,35652085,PC
2998.01,34737413,PC
3000.01,23435610,PC
3001.01,468977648,PC
3002.01,402053027,PC
3003.01,400762242,PC
3005.01,386297468,PC
3006.01,386161311,PC
3007.01,384034837,PC
3009.01,357634632,PC
301.01,144301052,PC
3010.01,357202877,PC
3011.01,356461227,PC
3012.01,437560683,PC
3013.01,383949205,PC
3014.01,383806208,PC
3015.01,357801293,PC
3016.01,356200601,PC
3017.01,122418622,PC
3019.01,45296362,PC
302.01,229111835,PC
3020.01,45191604,PC
3021.01,45054849,PC
3022.01,287721202,PC
3024.01,452576848,PC
3025.01,452464529,PC
3026.01,449491381,PC
3027.01,282091492,PC
3028.01,467955232,PC
3029.01,465540915,PC
3030.01,465275307,PC
3031.01,460686828,PC
3032.01,401283491,PC
3034.01,391645374,PC
3035.01,390444761,PC
3037.01,376209245,PC
3038.01,376036292,PC
3039.01,373033374,PC
3040.01,372596795,PC
3041.01,371864043,PC
3042.01,361219651,PC
3043.01,360706000,PC
3045.01,344568128,PC
3046.01,323966987,PC
3047.01,316652224,PC
3048.01,304426002,PC
305.01,102030574,PC
3050.01,302003748,PC
3051.01,288224503,PC
3052.01,287584141,PC
3053.01,269859655,PC
3054.01,267712001,PC
3055.01,160522555,PC
3056.01,67798337,PC
3058.01,464711858,PC
3059.01,464067218,PC
3060.01,463681005,PC
3061.01,463590116,PC
3062.01,463343283,PC
3063.01,463103749,PC
3064.01,463070290,PC
3065.01,462135459,PC
3066.01,461968320,PC
3068.01,458995583,PC
3069.01,457268255,PC
307.01,9100874,PC
3070.01,452049244,PC
3071.01,452006073,PC
3072.01,451084885,PC
3073.01,448744179,PC
3074.01,447976172,PC
3075.01,447891218,PC
3076.01,447593267,PC
3077.01,443341002,PC
3078.01,443042089,PC
3079.01,441444262,PC
3080.01,439926641,PC
3081.01,432467894,PC
3083.01,405620289,PC
3084.01,397423462,PC
3086.01,374158843,PC
3087.01,364427226,PC
3088.01,362607799,PC
3089.01,347715478,PC
309.01,228507250,PC
3090.01,309913305,PC
3091.01,306255021,PC
3092.01,274911536,PC
3093.01,272885406,PC
3094.01,272645619,PC
3095.01,270075071,PC
3096.01,229465678,PC
3097.01,163262555,PC
3098.01,163260812,PC
3099.01,163030461,PC
310.01,175477257,PC
3100.01,162620529,PC
3101.01,157213708,PC
3102.01,147092818,PC
3103.01,133129971,PC
3104.01,132963419,PC
3105.01,124454726,PC
3106.01,124453339,PC
3107.01,124174267,PC
3108.01,124146529,PC
3110.01,104022675,PC
3111.01,103832313,PC
3112.01,98662211,PC
3113.01,94346376,PC
3114.01,94011343,PC
3115.01,93093765,PC
3116.01,80778619,PC
3117.01,73082014,PC
3118.01,58461209,PC
3119.01,57793060,PC
3120.01,22384839,PC
3121.01,14715294,PC
3122.01,61117473,PC
3124.01,454918388,PC
3125.01,160023,PC
3126.01,454876465,PC
3128.01,453677947,PC
3129.01,4711,PC
3130.01,453396346,PC
3131.01,2876,PC
3132.01,448923766,PC
3133.01,448775221,PC
3134.01,448688668,PC
3135.01,448098793,PC
3136.01,418471796,PC
3137.01,395514100,PC
3138.01,270347814,PC
3139.01,48661942,PC
314.01,316769613,PC
3140.01,394900138,PC
3141.01,394443982,PC
3142.01,387791274,PC
3143.01,384244834,PC
3144.01,361176558,PC
3145.01,360816296,PC
3147.01,359572563,PC
3148.01,323980895,PC
3149.01,296670796,PC
3150.01,195256633,PC
3151.01,36607746,PC
3152.01,467484304,PC
3153.01,466318137,PC
3154.01,465176038,PC
3157.01,456962262,PC
3158.01,451254008,PC
3159.01,449549170,PC
3160.01,440872576,PC
3161.01,438777551,PC
3162.01,433546897,PC
3163.01,425316308,PC
3165.01,419858461,PC
3166.01,412371819,PC
3167.01,411796826,PC
3168.01,410554986,PC
3169.01,403911354,PC
317.01,402319411,PC
3170.01,400712525,PC
3171.01,399058051,PC
3172.01,398502253,PC
3173.01,398466662,PC
3175.01,391510223,PC
3176.01,389999924,PC
3177.01,383410746,PC
3178.01,381996371,PC
3179.01,378227267,PC
318.01,206352378,PC
3180.01,372960748,PC
3182.01,372448111,PC
3183.01,370385007,PC
3184.01,366248595,PC
3185.01,363661031,PC
3186.01,363632843,PC
3187.01,245027119,PC
3188.01,363202582,PC
3189.01,361998994,PC
3190.01,344745774,PC
3191.01,342375120,PC
3192.01,336613507,PC
3193.01,334757798,PC
3194.01,333511802,PC
3195.01,332880327,PC
3196.01,331297805,PC
3197.01,331160996,PC
3198.01,121625070,PC
3199.01,330885564,PC
3200.01,330014070,PC
3201.01,329921262,PC
3202.01,329691586,PC
3203.01,329609449,PC
3204.01,326662822,PC
3206.01,321802774,PC
3207.01,320994166,PC
3208.01,319949055,PC
3209.01,319806044,PC
3210.01,318668441,PC
3211.01,323002911,PC
3212.01,316236118,PC
3214.01,312508092,PC
3215.01,307888842,PC
3216.01,306547699,PC
3218.01,305739565,PC
3219.01,305492348,PC
322.01,198077394,PC
3220.01,304950588,PC
3222.01,303686889,PC
3223.01,297668572,PC
3224.01,297457992,PC
3225.01,401952328,PC
3226.01,295233473,PC
3227.01,294385899,PC
3228.01,294365631,PC
3229.01,290263093,PC
323.01,251852984,PC
3230.01,289445553,PC
3231.01,280857321,PC
3232.01,269439355,PC
3233.01,265633507,PC
3234.01,260776145,PC
3237.01,242389810,PC
3238.01,241752370,PC
3239.01,241569046,PC
324.01,156002449,PC
3240.01,241514551,PC
3241.01,241326434,PC
3242.01,209923610,PC
3243.01,209707800,PC
3244.01,208091447,PC
3245.01,203476998,PC
3246.01,179715231,PC
3247.01,167597352,PC
3248.01,165667705,PC
3249.01,159262969,PC
325.01,66413476,PC
3250.01,125424836,PC
3251.01,121194926,PC
3252.01,112037211,PC
3254.01,107506563,PC
3255.01,83395136,PC
3256.01,322901324,PC
3258.01,369789627,PC
3259.01,68523365,PC
3260.01,370138999,PC
3261.01,358070912,PC
3262.01,280096473,PC
3263.01,469821652,PC
3264.01,468055102,PC
3265.01,466167563,PC
3266.01,451566438,PC
3267.01,410372968,PC
3268.01,410358456,PC
3269.01,410314178,PC
327.01,206669860,PC
3270.01,407922734,PC
3271.01,406236094,PC
3272.01,388280249,PC
3273.01,372443687,PC
3274.01,360822008,PC
3275.01,325275736,PC
3276.01,320327056,PC
3277.01,319568619,PC
3278.01,304130406,PC
3279.01,179987678,PC
328.01,139357541,PC
3280.01,290302491,PC
3281.01,254142310,PC
3283.01,201660996,PC
3284.01,166220082,PC
3285.01,114181798,PC
3286.01,113648563,PC
3287.01,113117112,PC
3288.01,79920467,PC
3289.01,31786438,PC
3291.01,464593883,PC
3292.01,464481762,PC
3293.01,464445045,PC
3294.01,464280516,PC
3295.01,456574511,PC
3296.01,456560485,PC
3297.01,451538240,PC
3298.01,407772585,PC
3299.01,390723664,PC
330.01,27966179,PC
3300.01,384299730,PC
3301.01,384016413,PC
3302.01,383299778,PC
3303.01,381982417,PC
3304.01,381789320,PC
3305.01,380775661,PC
3307.01,369861728,PC
3309.01,365021641,PC
3310.01,364072092,PC
3311.01,337274055,PC
3312.01,332314607,PC
3314.01,315398848,PC
3315.01,312030014,PC
3316.01,311565540,PC
3317.01,311292015,PC
3318.01,310854881,PC
3320.01,307320565,PC
3321.01,306648160,PC
3322.01,306357884,PC
3324.01,304695574,PC
3325.01,303617735,PC
3326.01,301455423,PC
3327.01,292477426,PC
3328.01,276647494,PC
3329.01,256158543,PC
333.01,224245334,PC
3330.01,255768108,PC
3333.01,193782529,PC
3334.01,160930264,PC
3335.01,120033290,PC
3336.01,119950057,PC
3337.01,119089245,PC
3338.01,86419190,PC
3339.01,86021841,PC
3341.01,75919790,PC
3342.01,75076261,PC
3343.01,58046864,PC
3344.01,57093805,PC
3345.01,21997420,PC
3346.01,6404965,PC
3348.01,131347421,PC
3350.01,4959676,PC
3351.01,941340744,PC
3352.01,33840683,PC
3353.01,391903064,PC
3353.02,391903064,PC
3354.01,260367888,PC
3355.01,382045742,PC
3356.01,229138584,PC
3359.01,360714300,PC
3363.01,385858569,PC
3365.01,34297761,PC
3366.01,220547837,PC
3367.01,131730580,PC
3368.01,131419624,PC
3370.01,131250246,PC
3371.01,186470510,PC
3373.01,186459119,PC
3374.01,131025778,PC
3376.01,130797885,PC
3378.01,133655284,PC
3382.01,13737885,PC
3383.01,175317833,PC
3384.01,118603213,PC
3386.01,174426662,PC
3387.01,118072143,PC
3391.01,173824688,PC
3393.01,173260345,PC
3394.01,59536337,PC
3395.01,170405772,PC
3396.01,56630436,PC
3397.01,154616309,PC
3398.01,46999289,PC
340.01,80439101,PC
3400.01,437215469,PC
3401.01,26051436,PC
3403.01,133107143,PC
3404.01,18795429,PC
3405.01,152326573,PC
3406.01,410159011,PC
3407.01,152005053,PC
3408.01,7904580,PC
3409.01,405485201,PC
341.01,33911302,PC
3410.01,238012337,PC
3411.01,150424946,PC
3412.01,396794358,PC
3413.01,149745822,PC
3414.01,131348451,PC
3415.01,386456916,PC
3416.01,145910571,PC
3417.01,332710679,PC
3418.01,437144507,PC
3419.01,145904365,PC
3421.01,145023816,PC
3425.01,144682439,PC
3426.01,277833423,PC
3427.01,144467913,PC
3428.01,271486001,PC
3429.01,134551640,PC
343.01,66497310,PC
3431.01,270649648,PC
3432.01,133849258,PC
3433.01,270471065,PC
3434.01,270457662,PC
3437.01,132313173,PC
3438.01,455272393,PC
3439.01,394338713,PC
344.01,13023378,PC
3441.01,393196631,PC
3442.01,207981861,PC
3443.01,392995938,PC
3444.01,161299119,PC
3445.01,364431259,PC
3446.01,149022647,PC
3447.01,363749415,PC
3448.01,143934343,PC
3449.01,363083571,PC
345.01,308208458,PC
3450.01,126125073,PC
3451.01,361710792,PC
3452.01,360475034,PC
3453.01,360473750,PC
3454.01,359426909,PC
3455.01,358938714,PC
3456.01,357661805,PC
3457.01,357312511,PC
3458.01,340228388,PC
3459.01,335860261,PC
346.01,118327533,PC
3460.01,39858507,PC
3461.01,334080358,PC
3462.01,324116813,PC
3463.01,292889298,PC
3464.01,290504044,PC
3465.01,454361389,PC
3469.01,447192619,PC
347.01,224271611,PC
3470.01,277538491,PC
3471.01,407166076,PC
3473.01,406861922,PC
3474.01,274367763,PC
3475.01,403507814,PC
3476.01,272983172,PC
3477.01,402391147,PC
3478.01,255909950,PC
3479.01,402219289,PC
348.01,70785910,PC
3480.01,254909777,PC
3481.01,396316939,PC
3483.01,395926728,PC
3484.01,221882319,PC
3485.01,394672497,PC
3485.02,394672497,PC
3486.01,221861843,PC
3488.01,394570569,PC
3489.01,221785300,PC
3490.01,394492339,PC
3491.01,208719443,PC
3492.01,81077799,PC
3493.01,203377303,PC
3494.01,165827520,PC
3495.01,272167060,PC
3496.01,448358913,PC
3498.01,310294189,PC
3499.01,446370039,PC
3500.01,443666343,PC
3502.01,452281203,PC
3503.01,459850897,PC
3505.01,390988385,PC
3506.01,102159710,PC
3509.01,244912396,PC
3510.01,57753734,PC
3513.01,244487927,PC
3514.01,1870990135,PC
3515.01,198725468,PC
3516.01,30254887,PC
3517.01,123007594,PC
3518.01,1712954983,PC
3519.01,417129824,PC
3520.01,120101789,PC
3521.01,429036977,PC
3522.01,106224627,PC
3523.01,417047499,PC
3527.01,355748785,PC
3529.01,326203952,PC
353.01,100099031,PC
3532.01,42484503,PC
3533.01,313408643,PC
3535.01,304514922,PC
3538.01,27459498,PC
3539.01,294594423,PC
3543.01,275887811,PC
3544.01,15460993,PC
3545.01,274641986,PC
3546.01,13424053,PC
3547.01,274075364,PC
3549.01,269269740,PC
355.01,183593642,PC
3550.01,248058363,PC
3551.01,247283596,PC
3552.01,247283054,PC
3553.01,239628993,PC
3554.01,239585909,PC
3555.01,233415701,PC
3558.01,195750008,PC
3559.01,184468386,PC
356.01,369336146,PC
3560.01,184295571,PC
3564.01,193482096,PC
3567.01,452658846,PC
3568.01,160390955,PC
3569.01,436314778,PC
3570.01,136122328,PC
3571.01,2010186093,PC
3573.01,407905370,PC
3574.01,407694390,PC
3575.01,407658979,PC
3576.01,405897415,PC
3577.01,396133015,PC
358.01,321982642,PC
3582.01,290308758,PC
3583.01,289895191,PC
3584.01,289100911,PC
3585.01,287591638,PC
3586.01,286080865,PC
3587.01,267373896,PC
3588.01,265242905,PC
3589.01,260761464,PC
359.01,80432617,PC
3591.01,190479710,PC
3592.01,162387333,PC
3593.01,162289289,PC
3594.01,162179096,PC
3596.01,352690548,PC
3598.01,352469839,PC
3599.01,194461202,PC
3600.01,343726435,PC
3601.01,191202679,PC
3602.01,331146317,PC
3603.01,13961554,PC
3604.01,330135981,PC
3605.01,329373799,PC
3606.01,315907220,PC
3607.01,277505161,PC
3609.01,267861788,PC
3611.01,252549844,PC
3613.01,233795794,PC
3615.01,173711153,PC
3616.01,173298412,PC
3617.01,173176491,PC
3618.01,65981892,PC
3619.01,64938667,PC
362.01,305048116,PC
3620.01,620780629,PC
3622.01,432761635,PC
3623.01,422881018,PC
3624.01,414922696,PC
3625.01,1980725947,PC
3628.01,238624131,PC
3632.01,186292194,PC
3633.01,429218084,PC
3635.01,428003305,PC
3637.01,370981403,PC
3638.01,47094691,PC
3639.01,365447203,PC
364.01,47425697,PC
3640.01,200917197,PC
3641.01,192878624,PC
3642.01,186614891,PC
3644.01,445496795,PC
3645.01,184733148,PC
3646.01,445407434,PC
3647.01,149855074,PC
3648.01,433144048,PC
3649.01,139559780,PC
3650.01,139507260,PC
3651.01,415976665,PC
3652.01,116848450,PC
3653.01,410552165,PC
3654.01,396556650,PC
3656.01,77258279,PC
3657.01,381544766,PC
366.01,251878904,PC
3660.01,67517533,PC
3661.01,370123525,PC
3662.01,65446983,PC
3664.01,348437470,PC
3665.01,65440953,PC
3667.01,63717709,PC
3668.01,467580267,PC
3669.01,63470437,PC
3670.01,331854794,PC
3671.01,312345863,PC
3673.01,452964680,PC
3674.01,308613965,PC
3675.01,34646336,PC
3676.01,302470965,PC
3678.01,34551972,PC
3679.01,285354178,PC
3682.01,28961316,PC
3683.01,264912889,PC
3685.01,252118701,PC
3686.01,13533330,PC
3687.01,250803548,PC
3689.01,241135327,PC
369.01,175482273,PC
3690.01,240989628,PC
3691.01,240959810,PC
3692.01,240864953,PC
3694.01,470822809,PC
3696.01,202872757,PC
3698.01,266425782,PC
3699.01,266401846,PC
370.01,251855940,PC
3700.01,417676091,PC
3701.01,266213232,PC
3702.01,385400633,PC
3703.01,260962960,PC
3704.01,367616146,PC
3706.01,252430813,PC
3707.01,366311757,PC
3708.01,251652214,PC
3709.01,356322454,PC
371.01,156016136,PC
3710.01,174826170,PC
3711.01,355008856,PC
3712.01,354442783,PC
3713.01,171160885,PC
3715.01,354293303,PC
3716.01,155351556,PC
3718.01,417942201,PC
3719.01,150074121,PC
3720.01,347051112,PC
3721.01,143687316,PC
3722.01,346015394,PC
3723.01,3027681,PC
3724.01,143642240,PC
3726.01,122695048,PC
3727.01,339207847,PC
3729.01,322160664,PC
3730.01,417844678,PC
3732.01,321894059,PC
3734.01,105135774,PC
3735.01,317252733,PC
3736.01,98620619,PC
3737.01,96074951,PC
3738.01,312689217,PC
3739.01,311441461,PC
374.01,183675732,PC
3741.01,701926762,PC
3743.01,87091417,PC
3744.01,86075481,PC
3745.01,666567477,PC
3747.01,647636934,PC
3748.01,82622707,PC
3749.01,284174392,PC
375.01,280097543,PC
3750.01,468777766,PC
3751.01,284173938,PC
3752.01,81597356,PC
3754.01,81593515,PC
3755.01,281196902,PC
3758.01,280254984,PC
376.01,144301273,PC
3761.01,275703182,PC
3762.01,9833284,PC
3763.01,432114158,PC
3764.01,275702126,PC
3765.01,432078760,PC
3766.01,9830791,PC
3767.01,274545328,PC
3768.01,268172361,PC
3769.01,428251130,PC
3770.01,8621049,PC
3771.01,3364732,PC
3772.01,426319499,PC
3773.01,266772500,PC
3774.01,704012376,PC
3775.01,68850908,PC
3777.01,802227190,PC
3778.01,53307409,PC
3779.01,742648307,PC
3780.01,468832904,PC
3783.01,459755750,PC
3784.01,339503267,PC
3786.01,321250206,PC
3787.01,457104362,PC
3788.01,312811620,PC
3789.01,453410966,PC
3791.01,400432230,PC
3793.01,29105766,PC
3797.01,252912175,PC
3798.01,22683951,PC
3799.01,373614579,PC
380.01,100014359,PC
3800.01,21291176,PC
3801.01,373612558,PC
3802.01,190250689,PC
3803.01,353498819,PC
3804.01,312991501,PC
3805.01,189852832,PC
3809.01,252876117,PC
3811.01,138475192,PC
3812.01,239134248,PC
3813.01,4605846,PC
3814.01,155873992,PC
3815.01,149995163,PC
3816.01,102848207,PC
3817.01,99572130,PC
3818.01,99097200,PC
3820.01,95234976,PC
3821.01,88485645,PC
3822.01,88385463,PC
3826.01,9346507,PC
3828.01,841226526,PC
3829.01,801354155,PC
3830.01,445807396,PC
3831.01,393853275,PC
3832.01,356736743,PC
3834.01,355953198,PC
3835.01,330795142,PC
3836.01,900240532,PC
3837.01,308073360,PC
3839.01,298074043,PC
3840.01,287231664,PC
3841.01,252474634,PC
3842.01,165985431,PC
3847.01,149917086,PC
3848.01,147994863,PC
3849.01,147890655,PC
3850.01,143008050,PC
3851.01,142739544,PC
3852.01,142635225,PC
3853.01,142618165,PC
3854.01,142562395,PC
3855.01,126325149,PC
3856.01,125552076,PC
3857.01,105379013,PC
3858.01,86273567,PC
386.01,238059180,PC
3860.01,416542079,PC
3861.01,396950329,PC
3862.01,141205978,PC
3863.01,383531543,PC
3865.01,376688393,PC
3866.01,376632626,PC
3867.01,320208949,PC
3868.01,310994622,PC
3870.01,165989915,PC
3871.01,165468291,PC
3872.01,165431806,PC
3873.01,154126149,PC
3874.01,154105890,PC
3875.01,153978165,PC
3876.01,150388393,PC
3877.01,144310492,PC
3878.01,141275395,PC
3879.01,139086171,PC
3880.01,138973825,PC
3881.01,136998882,PC
3886.01,48220826,PC
3887.01,21549805,PC
3888.01,18067025,PC
3889.01,950525831,PC
3891.01,459215281,PC
3892.01,3896759,PC
3893.01,458424950,PC
3894.01,165464482,PC
3895.01,3808740,PC
3896.01,445837596,PC
3897.01,154181821,PC
3898.01,450337675,PC
3899.01,441697509,PC
3900.01,366755319,PC
3901.01,357373216,PC
3902.01,310094771,PC
3903.01,288434231,PC
3905.01,180672438,PC
3907.01,165723070,PC
3909.01,161003569,PC
3910.01,158617175,PC
3911.01,158497525,PC
3913.01,155898758,PC
3915.01,81247877,PC
3916.01,68074302,PC
3918.01,23815847,PC
3919.01,23769326,PC
3922.01,1101855081,PC
3923.01,467265105,PC
3926.01,434171145,PC
3927.01,434171113,PC
3928.01,427153307,PC
3929.01,422554579,PC
3930.01,422514153,PC
3931.01,421336001,PC
3933.01,388393034,PC
3934.01,375981105,PC
3935.01,372207084,PC
3936.01,371676181,PC
3937.01,367425982,PC
3939.01,366115856,PC
3940.01,346081845,PC
3941.01,345697569,PC
3942.01,345329200,PC
3943.01,343330330,PC
3944.01,338065029,PC
3945.01,336824844,PC
3946.01,336399144,PC
3947.01,336092760,PC
3949.01,334493051,PC
3950.01,334394274,PC
3951.01,334385701,PC
3952.01,321861405,PC
3953.01,320503729,PC
3954.01,316453500,PC
3955.01,314375831,PC
3956.01,309849817,PC
3958.01,279383896,PC
3959.01,275421144,PC
3960.01,272785423,PC
3961.01,272219353,PC
3962.01,271761420,PC
3963.01,271439193,PC
3965.01,269043098,PC
3967.01,256867493,PC
3969.01,252049912,PC
3970.01,237221436,PC
3971.01,237077180,PC
3972.01,284206913,PC
3973.01,233654042,PC
3974.01,156007004,PC
3977.01,116382006,PC
3978.01,468329664,PC
3980.01,312548829,PC
3981.01,312548415,PC
3982.01,25773352,PC
3986.01,470911286,PC
3988.01,452938965,PC
3991.01,418133917,PC
3992.01,403347341,PC
3993.01,403340402,PC
3997.01,327004130,PC
3998.01,320281287,PC
4000.01,283015592,PC
4001.01,83148519,PC
4003.01,399346877,PC
4004.01,397924314,PC
4007.01,389910188,PC
4009.01,368734712,PC
4011.01,289264348,PC
4012.01,280315875,PC
4013.01,279265701,PC
4014.01,85791385,PC
4015.01,85429139,PC
4016.01,461491274,PC
4017.01,407313319,PC
4018.01,407243316,PC
4019.01,284305328,PC
4021.01,10507330,PC
4022.01,1271152446,PC
4023.01,470678283,PC
4024.01,470169396,PC
4025.01,441730540,PC
4026.01,428963229,PC
4027.01,427866520,PC
4028.01,406634633,PC
4029.01,393633044,PC
4030.01,390021939,PC
4031.01,389968080,PC
4033.01,387330895,PC
4034.01,375654303,PC
4035.01,372392226,PC
4038.01,366580825,PC
4039.01,366120401,PC
4040.01,356786657,PC
4041.01,345645749,PC
4042.01,332393279,PC
4043.01,322262448,PC
4045.01,298264260,PC
4046.01,284760740,PC
4047.01,279769094,PC
4049.01,259274960,PC
4050.01,255865833,PC
4051.01,237101326,PC
4054.01,233719215,PC
4055.01,233053554,PC
4056.01,232567319,PC
4057.01,230388132,PC
4058.01,229639351,PC
4059.01,229605891,PC
406.01,153065527,PC
406.02,153065527,PC
4060.01,229508727,PC
4062.01,219866209,PC
4064.01,219489550,PC
4065.01,219485050,PC
4066.01,193556520,PC
4069.01,143009290,PC
4070.01,115270627,PC
4071.01,115182469,PC
4072.01,85459171,PC
4073.01,648958344,PC
4074.01,628103717,PC
4075.01,627323667,PC
4076.01,57193198,PC
4077.01,57159675,PC
4078.01,444724127,PC
4079.01,444558604,PC
4080.01,428892437,PC
4081.01,421973253,PC
4082.01,400899926,PC
4084.01,346673534,PC
4085.01,336840314,PC
4086.01,328814605,PC
4088.01,302381397,PC
4089.01,298752252,PC
4090.01,289373041,PC
4092.01,288242606,PC
4093.01,284454822,PC
4093.02,284454822,PC
4094.01,280035202,PC
4095.01,274974693,PC
4096.01,272782321,PC
4097.01,264295655,PC
4098.01,264223828,PC
4099.01,264173803,PC
4100.01,243297296,PC
4101.01,243280335,PC
4103.01,235902467,PC
4104.01,235664497,PC
4105.01,233576159,PC
4107.01,232632239,PC
4108.01,232603560,PC
4109.01,230084146,PC
4111.01,230006888,PC
4113.01,229786610,PC
4114.01,229408913,PC
4115.01,199610140,PC
4116.01,198616607,PC
4117.01,198189972,PC
4118.01,193773468,PC
4119.01,160618074,PC
4120.01,159438097,PC
4121.01,157218656,PC
4123.01,153896150,PC
4124.01,150761163,PC
4125.01,147761049,PC
4128.01,137420801,PC
4129.01,123357034,PC
4131.01,47937361,PC
4132.01,335655755,PC
4133.01,468396217,PC
4136.01,420680343,PC
4140.01,400103802,PC
4141.01,400093775,PC
4142.01,39573090,PC
4144.01,313194972,PC
4147.01,138329479,PC
4149.01,103096524,PC
4150.01,102719996,PC
4151.01,406926040,PC
4152.01,1813844121,PC
4153.01,470171739,PC
4154.01,470156846,PC
4155.01,467331291,PC
4156.01,462553953,PC
4156.02,462553953,PC
4158.01,441797394,PC
4160.01,441580526,PC
4161.01,441572821,PC
4162.01,420114036,PC
4163.01,420112217,PC
4164.01,420108587,PC
4165.01,398371628,PC
4166.01,389777651,PC
4168.01,372758077,PC
4169.01,372747949,PC
4170.01,366972162,PC
4171.01,362223355,PC
4172.01,359388309,PC
4173.01,358613376,PC
4174.01,356822426,PC
4175.01,952046774,PC
4179.01,297148017,PC
4182.01,31637479,PC
4183.01,421951960,PC
4185.01,152563846,PC
4186.01,300579472,PC
4187.01,176780257,PC
4189.01,7422496,PC
4190.01,65416038,PC
4191.01,167905035,PC
4192.01,41995709,PC
4193.01,382419744,PC
4195.01,67598139,PC
4196.01,67566164,PC
4197.01,332579116,PC
4198.01,459913687,PC
4199.01,220144363,PC
4200.01,53593542,PC
4202.01,237603062,PC
4203.01,72494421,PC
4204.01,158697949,PC
4205.01,280645209,PC
4206.01,281242007,PC
4208.01,280304556,PC
4209.01,200090347,PC
4211.01,385654601,PC
4214.01,409594381,PC
4215.01,7274938,PC
4218.01,142628514,PC
422.01,117979455,PC
4220.01,346995484,PC
4221.01,334252687,PC
4223.01,157088184,PC
4224.01,148667071,PC
4226.01,127328218,PC
4227.01,99081059,PC
4228.01,415143674,PC
4230.01,128127712,PC
4231.01,127895118,PC
4233.01,113295476,PC
4234.01,81055189,PC
4236.01,36227841,PC
4237.01,30825828,PC
4238.01,24615998,PC
4239.01,22121296,PC
4240.01,19547831,PC
4241.01,4102368,PC
4242.01,445582110,PC
4243.01,400683848,PC
4244.01,393340920,PC
4245.01,52928939,PC
4246.01,291465998,PC
4247.01,286153328,PC
4248.01,190986054,PC
4249.01,269568703,PC
4250.01,269249506,PC
4252.01,145038729,PC
4253.01,145249556,PC
4254.01,92744152,PC
4255.01,82302240,PC
4259.01,268643535,PC
426.01,189013224,PC
4260.01,74967390,PC
4262.01,53365065,PC
4263.01,48276576,PC
4264.01,45996325,PC
4265.01,118308828,PC
4266.01,442050698,PC
4267.01,80783538,PC
4269.01,178657161,PC
4271.01,146842334,PC
4272.01,146664561,PC
4273.01,133331642,PC
4274.01,290388627,PC
4275.01,363635669,PC
4276.01,469811655,PC
4277.01,466682238,PC
4278.01,466222485,PC
4279.01,407146536,PC
4280.01,387193925,PC
4281.01,384386061,PC
4282.01,374348168,PC
4283.01,343952976,PC
4284.01,280726137,PC
4285.01,310105752,PC
4286.01,294097592,PC
4287.01,290407621,PC
4288.01,278821913,PC
4289.01,278540265,PC
429.01,259592689,PC
4290.01,278196907,PC
4291.01,257520272,PC
4293.01,101696403,PC
4294.01,30499203,PC
4295.01,325527653,PC
4296.01,72668830,PC
4297.01,28116365,PC
4298.01,146282666,PC
4299.01,67535663,PC
4301.01,307079330,PC
4302.01,182078202,PC
4303.01,200296137,PC
4305.01,372068780,PC
4305.02,372068780,PC
4307.01,141186075,PC
4307.02,141186075,PC
4309.01,56662591,PC
4310.01,303317324,PC
4311.01,122617317,PC
4311.02,122617317,PC
4313.01,294324819,PC
4315.01,139148528,PC
4317.01,422914082,PC
4318.01,311130133,PC
4319.01,157115010,PC
4320.01,404518509,PC
4321.01,325081244,PC
4322.01,13883872,PC
4324.01,408416746,PC
4325.01,202185707,PC
4326.01,303586471,PC
4327.01,140687214,PC
4328.01,77175217,PC
4330.01,47617038,PC
4331.01,148833828,PC
4332.01,178959058,PC
4333.01,144645881,PC
4334.01,128531633,PC
4340.01,454038613,PC
4343.01,278988097,PC
4344.01,38939275,PC
4345.01,469791892,PC
4347.01,32498058,PC
4348.01,350299588,PC
4349.01,313889049,PC
435.01,44647437,PC
4350.01,50379036,PC
4351.01,358253047,PC
4352.01,237332812,PC
4353.01,176797879,PC
4354.01,332715376,PC
4355.01,260655847,PC
4356.01,149389419,PC
4358.01,273418421,PC
4360.01,52307802,PC
4361.01,334632624,PC
4362.01,238164799,PC
4363.01,325682877,PC
4364.01,4070275,PC
4365.01,413343957,PC
4366.01,297361900,PC
4367.01,313675203,PC
4368.01,314724818,PC
4369.01,278862750,PC
4370.01,335040423,PC
4371.01,450649506,PC
4372.01,401980624,PC
4373.01,315350812,PC
4374.01,308191940,PC
4376.01,250306572,PC
4378.01,394721720,PC
4379.01,97766057,PC
438.01,468880077,PC
4380.01,169958952,PC
4381.01,305767364,PC
4382.01,32460142,PC
4383.01,384744828,PC
4384.01,259230140,PC
4385.01,22186226,PC
4386.01,350575997,PC
4387.01,33350443,PC
4388.01,313554509,PC
4390.01,369345064,PC
4391.01,66620917,PC
4392.01,429791387,PC
4393.01,107440797,PC
4394.01,341805908,PC
4395.01,218483943,PC
4400.01,231630147,PC
4401.01,178170828,PC
4402.01,197807778,PC
4403.01,350931281,PC
4404.01,342314656,PC
4405.01,177254988,PC
4405.02,177254988,PC
4407.01,207238953,PC
4408.01,260189643,PC
4409.01,382200986,PC
4410.01,280803800,PC
4412.01,35315453,PC
4413.01,142019343,PC
4415.01,1234810324,PC
4416.01,79605791,PC
4417.01,208297760,PC
4418.01,295593712,PC
4418.02,295593712,PC
4419.01,352229268,PC
4420.01,362709886,PC
4422.01,263748033,PC
4424.01,326386495,PC
4425.01,106940971,PC
4427.01,207339000,PC
4429.01,233188747,PC
4430.01,362222177,PC
4432.01,198610218,PC
4436.01,420268415,PC
4437.01,237205154,PC
4439.01,267545252,PC
4441.01,23982469,PC
4442.01,446158352,PC
4443.01,158241252,PC
4443.02,158241252,PC
4444.01,158167408,PC
4447.01,153937417,PC
4449.01,322046084,PC
445.01,14091704,PC
4450.01,373017346,PC
4451.01,23229805,PC
4452.01,229581160,PC
4458.01,229671380,PC
4459.01,230129753,PC
4460.01,461635621,PC
4461.01,149282072,PC
4462.01,76420654,PC
4464.01,441589581,PC
4465.01,157236902,PC
4468.01,441763252,PC
4468.02,441763252,PC
4478.01,233823679,PC
4481.01,239332587,PC
4484.01,272707711,PC
4487.01,193754373,PC
4491.01,193336820,PC
4492.01,298297931,PC
4493.01,263218688,PC
4494.01,40466976,PC
4495.01,120826158,PC
4495.02,120826158,PC
4496.01,275758701,PC
4497.01,436166416,PC
4499.01,120183168,PC
4499.02,120183168,PC
4501.01,22069559,PC
4503.01,167719618,PC
4504.01,349972412,PC
4504.02,349972412,PC
4505.01,150299840,PC
4506.01,434105094,PC
4507.01,179582003,PC
4508.01,170789802,PC
4509.01,319610598,PC
4510.01,340458804,PC
4511.01,333674399,PC
4511.02,333674399,PC
4513.01,408261725,PC
4519.01,419957393,PC
4527.01,380887434,PC
4529.01,384888319,PC
4537.01,251039147,PC
4540.01,388816604,PC
4542.01,4464022,PC
4543.01,435336785,PC
4546.01,25911962,PC
4548.01,21130820,PC
4549.01,9030119,PC
4550.01,400972123,PC
4552.01,248250955,PC
4553.01,383721338,PC
4554.01,369768787,PC
4555.01,141770198,PC
4556.01,107018378,PC
4557.01,258917846,PC
4558.01,220414682,PC
4559.01,271169413,PC
4560.01,307716123,PC
4561.01,33716474,PC
4563.01,418255064,PC
4565.01,381897917,PC
4566.01,269728501,PC
4567.01,307849973,PC
4567.02,307849973,PC
4568.01,447088034,PC
457.01,89256802,PC
4572.01,154940895,PC
4573.01,362103298,PC
4574.01,298428237,PC
4575.01,372759746,PC
4576.01,157667414,PC
4578.01,154474036,PC
458.01,64071894,PC
4580.01,219742885,PC
4585.01,233529335,PC
4586.01,416534875,PC
4588.01,48031665,PC
4590.01,154923406,PC
4596.01,86951294,PC
4597.01,68573534,PC
4598.01,29017001,PC
4600.02,232608943,PC
4601.01,349071261,PC
4602.01,467651916,PC
4607.01,28294709,PC
4608.01,427740976,PC
4609.01,118820486,PC
4611.01,68646526,PC
4614.01,408809625,PC
4615.01,84599716,PC
4616.01,258796169,PC
4617.01,18373995,PC
4619.01,238586172,PC
462.01,420049884,PC
4620.01,171160243,PC
4625.01,58472992,PC
4626.01,241442273,PC
4629.01,304339227,PC
4630.01,292202337,PC
4631.01,313006381,PC
4632.01,336075472,PC
4633.01,307958020,PC
4634.01,17150865,PC
4637.01,306485267,PC
4638.01,58824746,PC
4639.01,91251292,PC
4640.01,337216118,PC
4641.01,436873727,PC
4642.01,336961891,PC
4643.01,270355392,PC
4643.02,270355392,PC
4644.01,387423096,PC
4645.01,46698351,PC
4646.01,286696849,PC
4647.01,303204165,PC
4647.02,303204165,PC
4649.01,404713783,PC
4650.01,60646268,PC
4651.01,147302550,PC
4652.01,139877968,PC
4653.01,238854767,PC
4654.01,99648579,PC
4655.01,209310912,PC
4656.01,120523488,PC
4657.01,434110695,PC
4658.01,224279091,PC
4659.01,178215634,PC
4660.01,435259601,PC
4661.01,441135051,PC
4662.01,166778944,PC
4663.01,237358490,PC
4664.01,299551666,PC
4665.01,165201455,PC
4666.01,165202476,PC
4667.01,422884521,PC
4668.01,142938659,PC
4670.01,404506270,PC
4671.01,439873430,PC
4672.01,332911893,PC
4673.01,118573065,PC
4674.01,89062142,PC
4675.01,279095914,PC
4676.01,219225319,PC
4677.01,100974694,PC
4678.01,206717400,PC
4679.01,283605976,PC
4680.01,31258738,PC
4681.01,248689510,PC
4684.01,399757537,PC
4685.01,431693152,PC
4686.01,316875094,PC
4687.01,302759417,PC
4688.01,245793479,PC
4689.01,396935099,PC
4691.01,200321577,PC
4692.01,153723304,PC
4694.01,50745119,PC
4695.01,139550876,PC
4696.01,243011228,PC
4697.01,250189842,PC
4698.01,411781649,PC
4699.01,34395020,PC
4701.01,9344899,PC
4702.01,248690688,PC
4703.01,293514367,PC
4705.01,436637677,PC
4706.01,37117064,PC
4707.01,322825139,PC
4708.01,232194097,PC
4709.01,317328621,PC
4710.01,144486060,PC
4711.01,177718896,PC
4712.01,317089770,PC
4714.01,251111783,PC
4716.01,268689126,PC
4717.01,269190305,PC
4718.01,234958949,PC
4719.01,306363166,PC
4720.01,124322274,PC
4721.01,229210014,PC
4722.01,142530031,PC
4723.01,322824542,PC
4724.01,119638424,PC
4725.01,26587613,PC
4726.01,409009431,PC
4727.01,39824732,PC
4728.01,270716565,PC
4729.01,52738649,PC
4730.01,97866515,PC
4731.01,438368981,PC
4732.01,78489364,PC
4733.01,438149332,PC
4734.01,97714451,PC
4735.01,280292434,PC
4736.01,265619984,PC
4737.01,142532090,PC
4739.01,281716779,PC
4740.01,72097808,PC
4741.01,291198795,PC
4742.01,237637903,PC
4743.01,23725901,PC
4744.01,293931909,PC
4745.01,269278156,PC
4746.01,160180298,PC
4747.01,235078021,PC
4748.01,59770954,PC
4749.01,153412485,PC
475.01,100608026,PC
4750.01,317189702,PC
4751.01,291580615,PC
4752.01,237700098,PC
4753.01,306604742,PC
4754.01,61344769,PC
4755.01,267197567,PC
4756.01,119556803,PC
4757.01,53744258,PC
4758.01,34524670,PC
4759.01,49705089,PC
476.01,156987351,PC
4760.01,291332861,PC
4761.01,440849210,PC
4762.01,119069946,PC
4763.01,143072696,PC
4764.01,268456052,PC
4765.01,21747057,PC
4766.01,271307949,PC
4767.01,157127081,PC
4768.01,108940329,PC
4769.01,333814134,PC
4770.01,112110888,PC
4772.01,455153906,PC
4773.01,415276070,PC
4774.01,148129139,PC
4775.01,412521892,PC
4776.01,196286578,PC
4777.01,170368805,PC
4778.01,145163386,PC
4779.01,170221808,PC
4780.01,231937828,PC
4781.01,176242778,PC
4784.01,409207712,PC
4785.01,50751260,PC
4786.01,127012328,PC
4787.01,431981595,PC
4788.01,156999527,PC
4789.01,134221850,PC
4793.01,65949719,PC
4794.01,95589845,PC
4795.01,107090327,PC
4796.01,65905621,PC
4797.01,265011923,PC
4798.01,274137295,PC
4799.01,65805840,PC
4800.01,280307604,PC
4801.01,419092044,PC
4802.01,50575306,PC
4803.01,19117967,PC
4804.01,320341952,PC
4805.01,7976072,PC
4806.01,96317115,PC
4807.01,174546820,PC
4809.01,143724857,PC
4810.01,281225729,PC
4811.01,334414389,PC
4812.01,81744640,PC
4813.01,333810741,PC
4814.01,32004914,PC
4815.01,19447218,PC
4816.01,156990000,PC
4818.01,181422954,PC
4819.01,82739585,PC
4820.01,394223845,PC
4821.01,354937825,PC
4822.01,52936161,PC
4823.01,348756659,PC
4824.01,179687771,PC
4825.01,53047383,PC
4826.01,17683158,PC
4828.01,291469139,PC
4830.01,1260235,PC
4831.01,17896514,PC
4832.01,186470968,PC
4833.01,176442805,PC
4834.01,77550515,PC
4835.01,434428836,PC
4836.01,231559817,PC
4837.01,19612445,PC
4839.01,38118291,PC
4841.01,453060368,PC
4842.01,131034657,PC
4843.01,258051471,PC
4844.01,143994382,PC
4845.01,26305150,PC
4847.01,186541435,PC
4848.01,134596619,PC
4850.01,332705008,PC
4851.01,60377863,PC
4852.01,74712191,PC
4853.01,74530173,PC
4854.01,70780410,PC
4855.01,44514807,PC
4857.01,35972578,PC
4858.01,262499797,PC
4859.01,152467154,PC
486.01,260708537,PC
4861.01,71341774,PC
4863.01,143032776,PC
4864.01,48274889,PC
4866.01,35758536,PC
4867.01,74484423,PC
4868.01,362370757,PC
4869.01,71221700,PC
487.01,31852980,PC
487.02,31852980,PC
4870.01,446135868,PC
4871.01,168158622,PC
4872.01,310822679,PC
4873.01,228694725,PC
4874.01,463754499,PC
4875.01,133512515,PC
4876.01,458300989,PC
4877.01,447054140,PC
4878.01,144155193,PC
4879.01,45465399,PC
4880.01,245099574,PC
4881.01,359735804,PC
4882.01,458331312,PC
4883.01,446463666,PC
4884.01,80681136,PC
4885.01,72504752,PC
4886.01,457743020,PC
4887.01,274911400,PC
4888.01,309292963,PC
4889.01,441936163,PC
4890.01,92004082,PC
4891.01,458199018,PC
4892.01,6010784,PC
4893.01,441234277,PC
4894.01,469333534,PC
4895.01,463365347,PC
4896.01,438278301,PC
4897.01,81693792,PC
4898.01,124235800,PC
4899.01,376610581,PC
4900.01,425508314,PC
4901.01,107017977,PC
4903.01,457789844,PC
4904.01,464388115,PC
4905.01,463011281,PC
4906.01,385459345,PC
4907.01,447585233,PC
4908.01,356835341,PC
4909.01,272211398,PC
4910.01,303327435,PC
4911.01,303814029,PC
4912.01,219769290,PC
4913.01,72401290,PC
4914.01,49254857,PC
4915.01,440937096,PC
4917.01,317362389,PC
4918.01,60859922,PC
4919.01,155419920,PC
4920.01,132611413,PC
4921.01,404227343,PC
4922.01,411943564,PC
4923.01,219181903,PC
4924.01,307099276,PC
4925.01,399847887,PC
4926.01,454828937,PC
4927.01,376421071,PC
4928.01,448820344,PC
4929.01,359403471,PC
493.01,19025965,PC
4930.01,307221757,PC
4931.01,296850254,PC
4932.01,148772620,PC
4933.01,35106764,PC
4935.01,412635642,PC
4936.01,68030406,PC
4937.01,241638905,PC
4938.01,457018819,PC
4939.01,149109125,PC
494.01,19519368,PC
4940.01,237929468,PC
4941.01,77680373,PC
4942.01,166242494,PC
4943.01,418567812,PC
4944.01,242190195,PC
4945.01,332017079,PC
4947.01,382975217,PC
4948.01,160476088,PC
4949.01,401028336,PC
4950.01,245341495,PC
4951.01,448435566,PC
4952.01,400073524,PC
4953.01,405571798,PC
4954.01,147723246,PC
4955.01,188865842,PC
4956.01,8005485,PC
4957.01,412485680,PC
4958.01,457649900,PC
4959.01,290337456,PC
4960.01,329672278,PC
4961.01,420202798,PC
4962.01,210681065,PC
4963.01,407827885,PC
4965.01,129890791,PC
4966.01,295507430,PC
4967.01,243476396,PC
4968.01,253961767,PC
4969.01,406106335,PC
4970.01,359523751,PC
4971.01,453942180,PC
4972.01,149585119,PC
4973.01,397522142,PC
4974.01,148478039,PC
4975.01,304085024,PC
4976.01,210629725,PC
4977.01,68081952,PC
4978.01,145204443,PC
4979.01,311736478,PC
4980.01,200435203,PC
4981.01,14029793,PC
4982.01,46627476,PC
4983.01,80137654,PC
4984.01,177391159,PC
4986.01,5592720,PC
4988.01,445392860,PC
4989.01,303385111,PC
499.01,123702439,PC
4990.01,295312916,PC
4991.01,247180220,PC
4992.01,362111691,PC
4993.01,360221713,PC
4994.01,277128619,PC
4995.01,294295243,PC
4996.01,384709136,PC
4997.01,340624586,PC
4998.01,76228620,PC
4999.01,33227166,PC
5000.01,179230828,PC
5000.02,179230828,PC
5001.01,95709395,PC
5002.01,418471116,PC
5003.01,301900477,PC
5004.01,384386062,PC
5005.01,282485660,PC
5006.01,449107129,PC
5007.01,424196109,PC
5008.01,150531994,PC
5009.01,463781038,PC
5010.01,276735500,PC
5011.01,418298773,PC
5012.01,245728942,PC
5013.01,287494667,PC
5014.01,362032529,PC
5015.01,221656234,PC
5017.01,302054555,PC
5018.01,294691204,PC
5019.01,420829332,PC
502.01,172193428,PC
5020.01,310266243,PC
5021.01,403405969,PC
5022.01,208772468,PC
5023.01,213111428,PC
5024.01,344130921,PC
5025.01,217838717,PC
5026.01,161247580,PC
5027.01,361711730,PC
5028.01,76894548,PC
5029.01,154400369,PC
5030.01,444290896,PC
5031.01,46807139,PC
5032.01,283665218,PC
5033.01,318180448,PC
5034.01,306990399,PC
5035.01,401509690,PC
5036.01,406726743,PC
5037.01,263486257,PC
5038.01,127115861,PC
5039.01,396649769,PC
5040.01,412828754,PC
5041.01,324609476,PC
5042.01,282221346,PC
5043.01,75522633,PC
5044.01,298946836,PC
5045.01,297950791,PC
5046.01,306512967,PC
5047.01,291857895,PC
5049.01,261020738,PC
5050.01,282701278,PC
5051.01,217933560,PC
5052.01,208151094,PC
5053.01,324426685,PC
5054.01,401704685,PC
5055.01,407146538,PC
5056.01,216925130,PC
5057.01,37291237,PC
5058.01,277034534,PC
5059.01,458027465,PC
5060.01,16264917,PC
5061.01,214218272,PC
5062.01,294768072,PC
5063.01,173979859,PC
5064.01,407127579,PC
5066.01,56655478,PC
5069.01,381360757,PC
507.01,348538431,PC
5070.01,319968129,PC
5073.01,458686969,PC
5077.01,87873211,PC
5078.01,303523128,PC
5082.01,437011608,PC
5084.01,438260486,PC
5085.01,6785559,PC
5088.01,234388232,PC
5088.02,234388232,PC
5091.01,438073782,PC
5099.01,91481801,PC
5100.01,349582831,PC
5104.01,415443327,PC
5105.01,203287192,PC
5106.01,59351345,PC
5108.01,350348197,PC
5109.01,411930845,PC
5110.01,239977528,PC
5112.01,337385330,PC
5113.01,2685481,PC
5114.01,26693519,PC
5115.01,366499151,PC
5116.01,149496868,PC
5117.01,26469462,PC
5118.01,438412198,PC
512.01,119292328,PC
5120.01,58723861,PC
5122.01,116668723,PC
5125.01,247906954,PC
5127.01,438170612,PC
5128.01,406495245,PC
5129.01,101520163,PC
5130.01,75589027,PC
5131.01,350043412,PC
5137.01,14570132,PC
5139.01,95337971,PC
5140.01,175193677,PC
5143.01,281837575,PC
5143.02,281837575,PC
5147.01,95361530,PC
5148.01,291517604,PC
5149.01,286094277,PC
5151.01,388130237,PC
5156.01,468889418,PC
5158.01,337647366,PC
5159.01,286712787,PC
5160.01,4165850,PC
5161.01,277697921,PC
5165.01,349986198,PC
5166.01,59582240,PC
5167.01,458686504,PC
5169.01,350023518,PC
5171.01,110996418,PC
5172.01,53287554,PC
5175.01,55266835,PC
5176.01,437054764,PC
5177.01,350033870,PC
5179.01,288671122,PC
518.01,264979636,PC
5180.01,346972413,PC
5181.01,346667887,PC
5182.01,99654378,PC
5183.01,298829544,PC
5185.01,462808933,PC
5186.01,68453985,PC
5187.01,441590110,PC
5188.01,141677268,PC
5190.01,289574465,PC
5191.01,359469754,PC
5192.01,336125492,PC
5193.01,336126253,PC
5194.01,288612903,PC
5195.01,357145112,PC
5196.01,383828887,PC
5197.01,219431828,PC
520.01,148479278,PC
5200.01,21101556,PC
5201.01,267810289,PC
5202.01,320324079,PC
5203.01,158323182,PC
5204.01,65845738,PC
5206.01,159117779,PC
5207.01,147892178,PC
5208.01,110738386,PC
5209.01,111108561,PC
521.01,27649847,PC
5210.01,265979849,PC
5211.01,215595454,PC
5213.01,247356332,PC
5214.01,7583660,PC
5215.01,236632480,PC
5216.01,256561562,PC
5217.01,215018906,PC
5218.01,259172249,PC
5219.01,378708888,PC
522.01,19451711,PC
5220.01,394691478,PC
5221.01,233409941,PC
5223.01,377297285,PC
5224.01,406361982,PC
5225.01,383645563,PC
5227.01,313453776,PC
5228.01,154014059,PC
5229.01,288428649,PC
5230.01,55778666,PC
5232.01,69356857,PC
5233.01,259100469,PC
5234.01,335681838,PC
5235.01,154814765,PC
5236.01,193765661,PC
5237.01,435740442,PC
5239.01,230290708,PC
5240.01,40055053,PC
5241.01,305948428,PC
5242.01,426122503,PC
5243.01,322504451,PC
5244.01,352151292,PC
5247.01,289307883,PC
5249.01,185598695,PC
525.01,71512186,PC
5250.01,278105308,PC
5251.01,436007113,PC
5252.01,395385033,PC
5254.01,126225595,PC
5255.01,158325942,PC
5256.01,356146869,PC
5259.01,375419034,PC
5261.01,402828941,PC
5262.01,274122380,PC
5263.01,275527293,PC
5264.01,435719275,PC
5265.01,219847787,PC
5267.01,153971295,PC
5268.01,202468443,PC
5269.01,359321688,PC
5270.01,424112727,PC
5271.01,296461391,PC
5272.01,278668358,PC
5274.01,356682805,PC
5275.01,219466803,PC
5277.01,276381737,PC
5278.01,264301607,PC
5279.01,7681574,PC
5280.01,194679333,PC
5281.01,405932063,PC
5282.01,329346586,PC
5284.01,171312653,PC
5285.01,250330564,PC
5286.01,301035553,PC
5288.01,857186,PC
5289.01,176279915,PC
5290.01,224217761,PC
5291.01,250983039,PC
5292.01,33397739,PC
5294.01,422486295,PC
5297.01,422423972,PC
5298.01,313835568,PC
5299.01,407997410,PC
5300.01,267215820,PC
5301.01,58825110,PC
5302.01,337025682,PC
5303.01,58798731,PC
5304.01,293407882,PC
5305.01,408743161,PC
5306.01,387401076,PC
5308.01,422653398,PC
5309.01,52052461,PC
5310.01,306204904,PC
5311.01,306401382,PC
5312.01,399724238,PC
5313.01,347469901,PC
5314.01,302202317,PC
5315.01,126982221,PC
5316.01,309439436,PC
5317.01,408824640,PC
5318.01,435871546,PC
5319.01,246965431,PC
5322.01,336691874,PC
5324.01,408643099,PC
5325.01,270406298,PC
5326.01,257922326,PC
5327.01,303502327,PC
5328.01,58372253,PC
5329.01,61145589,PC
533.01,309791156,PC
5330.01,436843539,PC
5331.01,387544178,PC
5332.01,387515920,PC
5333.01,96948338,PC
5334.01,247409676,PC
5335.01,381360750,PC
5336.01,430099722,PC
5337.01,27294830,PC
5338.01,467615239,PC
5339.01,101348333,PC
5340.01,14156936,PC
5341.01,90669930,PC
5342.01,356990855,PC
5343.01,34980970,PC
5344.01,16005254,PC
5345.01,96165095,PC
5346.01,26018819,PC
5347.01,21119973,PC
5348.01,366527844,PC
5349.01,26054627,PC
5350.01,68808155,PC
5351.01,27476314,PC
5352.01,69995219,PC
5354.01,34781378,PC
5355.01,96170689,PC
5356.01,467684543,PC
5357.01,150006846,PC
5358.01,46631742,PC
5359.01,90767677,PC
5362.01,308522539,PC
5363.01,426448042,PC
5364.01,366754985,PC
5365.01,21132157,PC
5366.01,45034406,PC
5367.01,81178747,PC
5368.01,56457123,PC
5369.01,113804153,PC
5370.01,400381085,PC
5371.01,17457400,PC
5372.01,371470493,PC
5375.01,71268730,PC
5377.01,467153319,PC
5378.01,321069529,PC
5379.01,328325110,PC
5380.01,441587756,PC
5381.01,241174783,PC
5382.01,356472238,PC
5383.01,166053959,PC
5385.01,85266608,PC
5386.01,202425357,PC
5387.01,166086403,PC
5388.01,407591297,PC
5389.01,39143128,PC
539.01,238004786,PC
5390.01,8853478,PC
5392.01,198512478,PC
5393.01,313425396,PC
5395.01,298070500,PC
5396.01,202428245,PC
5397.01,18019350,PC
5399.01,284688043,PC
5400.01,332564140,PC
5401.01,397058826,PC
5402.01,29781207,PC
5403.01,438519486,PC
5404.01,56798909,PC
5405.01,172353721,PC
5406.01,127226712,PC
5407.01,372424377,PC
5408.01,430093142,PC
5409.01,115628210,PC
5410.01,76882795,PC
5411.01,76032342,PC
5412.01,386197662,PC
5413.01,269838674,PC
5414.01,371164829,PC
5415.01,52517713,PC
5416.01,87405719,PC
5417.01,79316101,PC
5419.01,68443254,PC
542.01,49771092,PC
5420.01,195155818,PC
5421.01,47132480,PC
5422.01,80611440,PC
5423.01,47319867,PC
5426.01,127957099,PC
5427.01,52420398,PC
5428.01,76545118,PC
5430.01,46774573,PC
5431.01,302895184,PC
5432.01,86898676,PC
5433.01,75697959,PC
5435.01,294309873,PC
5436.01,155369758,PC
5437.01,6853696,PC
5438.01,367193060,PC
5439.01,247912728,PC
5441.01,91697121,PC
5442.01,406684949,PC
5443.01,400515645,PC
5446.01,84788795,PC
5448.01,291016451,PC
5449.01,119130170,PC
5451.01,69028091,PC
5452.01,101569583,PC
5453.01,58997701,PC
5454.01,26406123,PC
5455.01,75171363,PC
5457.01,456971986,PC
5458.01,367434266,PC
5459.01,1942969,PC
5460.01,445990611,PC
5461.01,118963720,PC
5462.01,79971247,PC
5463.01,437786834,PC
5464.01,171646471,PC
5465.01,87827371,PC
5466.01,45368525,PC
5467.01,83275782,PC
5468.01,172222885,PC
5469.01,302419660,PC
5471.01,47132361,PC
5472.01,76798849,PC
5473.01,81808065,PC
5474.01,97669493,PC
5476.01,353361266,PC
5477.01,127229631,PC
5479.01,67444896,PC
5480.01,46307587,PC
5481.01,69295263,PC
5482.01,459947163,PC
5483.01,192982424,PC
5485.01,186815660,PC
5486.01,291109653,PC
5487.01,302305400,PC
5488.01,281815702,PC
5489.01,468983280,PC
5490.01,59575189,PC
5491.01,247166992,PC
5492.01,350024178,PC
5493.01,468979441,PC
5493.02,468979441,PC
5493.03,468979441,PC
5494.01,14440334,PC
5495.01,380671216,PC
5497.01,270679144,PC
5498.01,262736264,PC
5499.01,386772576,PC
5500.01,62740096,PC
5501.01,94823134,PC
5502.01,126322519,PC
5504.01,95079513,PC
5505.01,374350678,PC
5506.01,385312460,PC
5507.01,377097547,PC
5508.01,406140233,PC
5509.01,35285308,PC
5510.01,26865340,PC
5511.01,389040826,PC
5512.01,366698929,PC
5514.01,63190194,PC
5515.01,55275863,PC
5516.01,70678449,PC
5517.01,307951656,PC
5519.01,443582629,PC
5521.01,396932137,PC
5522.01,366409685,PC
5523.01,443616612,PC
5525.01,345450130,PC
5526.01,335540507,PC
5527.01,415399713,PC
553.02,161477033,PC
553.03,161477033,PC
5530.01,244170332,PC
5531.01,88114177,PC
5532.01,318836983,PC
5533.01,155093420,PC
5536.01,268143410,PC
5537.01,17555760,PC
5538.01,337648770,PC
5539.01,178266267,PC
554.01,407966340,PC
554.02,407966340,PC
5541.01,231721006,PC
5543.01,17385917,PC
5544.01,68893269,PC
5545.01,301624989,PC
5546.01,59744366,PC
5547.01,63013648,PC
5548.01,155012162,PC
5549.01,6499453,PC
5550.01,195187769,PC
5551.01,387974148,PC
5552.01,3224605,PC
5553.01,218354669,PC
5554.01,91287873,PC
5560.01,238606535,PC
5561.01,330637910,PC
5563.01,239198720,PC
5564.01,127505658,PC
5564.02,127505658,PC
5565.01,117892246,PC
5566.01,73250068,PC
5567.01,456335739,PC
5568.01,142785421,PC
5569.01,267484403,PC
557.01,55488511,PC
5570.01,302381442,PC
5571.01,88565745,PC
5572.01,9151337,PC
5573.01,459762279,PC
5574.01,268405086,PC
5575.01,160162137,PC
5577.01,98833877,PC
5578.01,154563411,PC
5579.01,252928337,PC
5580.01,366298702,PC
5581.01,456306892,PC
5582.01,392064198,PC
5583.01,357244603,PC
5584.01,29169215,PC
5585.01,188389305,PC
5586.01,160165689,PC
5587.01,29069242,PC
5588.01,141762491,PC
5589.01,51094586,PC
5590.01,9907513,PC
5591.01,192969211,PC
5592.01,88529975,PC
5593.01,468433454,PC
5594.01,53394475,PC
5595.01,302908969,PC
5597.01,85284138,PC
5598.01,237108775,PC
5599.01,159160230,PC
5600.01,287268770,PC
5601.01,237097499,PC
5602.01,101592219,PC
5603.01,224293782,PC
5604.01,237015185,PC
5605.01,252469648,PC
5606.01,171599496,PC
5607.01,233070717,PC
5608.01,229713401,PC
5609.01,17122808,PC
5610.01,252481136,PC
5611.01,232624234,PC
5611.02,232624234,PC
5612.01,18021087,PC
5613.01,165413340,PC
5614.01,148960849,PC
5615.01,235711993,PC
5616.01,154220877,PC
5617.01,9376973,PC
5618.01,56999883,PC
5619.01,224299081,PC
5620.01,165414210,PC
5621.01,219467837,PC
5622.01,288162228,PC
5623.01,420174131,PC
5624.01,53498154,PC
5624.02,53498154,PC
5624.03,53498154,PC
5624.04,53498154,PC
5625.01,137020480,PC
5626.01,376645976,PC
5627.01,335813590,PC
5628.01,135100529,PC
5629.01,298437387,PC
563.01,405454160,PC
5630.01,316416562,PC
5633.01,119131709,PC
5634.01,119585136,PC
5635.01,233173039,PC
5636.01,105616091,PC
5637.01,136992839,PC
5638.01,154258295,PC
5639.01,166054851,PC
5641.01,141202786,PC
5642.01,160521907,PC
5645.01,156377968,PC
5646.01,366804698,PC
5647.01,67743054,PC
5649.01,392319808,PC
5650.01,353807936,PC
5651.01,256326844,PC
5652.01,232628532,PC
5653.01,298729646,PC
5654.01,233465389,PC
5655.01,282940781,PC
5656.01,458458156,PC
5657.01,441736986,PC
5658.01,119178132,PC
5659.01,207491214,PC
5660.01,311116297,PC
5661.01,349312122,PC
5662.01,422217860,PC
5663.01,198161914,PC
5664.01,158022899,PC
5665.01,274223601,PC
5666.01,235684964,PC
5667.01,28242530,PC
5668.01,357347296,PC
5669.01,162577468,PC
5670.01,860207014,PC
5671.01,23863105,PC
5679.01,143257768,PC
5682.01,17538423,PC
5683.01,155949264,PC
5684.01,32260988,PC
5686.01,255928426,PC
5688.01,193634953,PC
5689.01,323250919,PC
5690.01,115508409,PC
5691.01,17652022,PC
5692.01,37150278,PC
5693.01,272519426,PC
5694.01,23638678,PC
5695.01,103865797,PC
5696.01,393546540,PC
5696.02,393546540,PC
5697.01,416739490,PC
5698.01,264052454,PC
5699.01,224328450,PC
570.01,126733133,PC
5700.01,76193403,PC
5701.01,43276438,PC
5702.01,141985686,PC
5703.01,10792081,PC
5705.01,165625229,PC
5706.01,137843225,PC
5707.01,441614965,PC
5708.01,335813325,PC
5709.01,286813592,PC
5710.01,173002823,PC
5711.01,441804533,PC
5712.01,388898854,PC
5713.01,219041246,PC
5714.01,467158766,PC
5715.01,147923561,PC
5716.01,298074836,PC
5717.01,53481079,PC
5718.01,17932757,PC
5719.01,4843495,PC
5720.01,230055368,PC
5721.01,85292615,PC
5722.01,458481611,PC
5723.01,235901733,PC
5724.01,162631539,PC
5725.01,1042432,PC
5726.01,71582156,PC
5727.01,357048995,PC
5728.01,219875976,PC
5729.01,103605399,PC
5730.01,138820713,PC
5731.01,188668950,PC
5732.01,335952150,PC
5733.01,224297408,PC
5734.01,9989136,PC
5735.01,157769780,PC
5736.01,310380289,PC
5737.01,229618478,PC
5738.01,198162530,PC
5738.02,198162530,PC
5739.01,328934980,PC
5740.01,230087765,PC
5741.01,159851831,PC
5743.01,308300731,PC
5744.01,157768969,PC
5745.01,18016577,PC
5747.01,4918918,PC
5748.01,407495930,PC
5749.01,387329912,PC
5750.01,310262516,PC
5751.01,426144112,PC
5752.01,349440621,PC
5753.01,332365162,PC
5754.01,135267558,PC
5755.01,256584532,PC
5757.01,219506608,PC
5758.01,82598822,PC
5759.01,317594531,PC
5760.01,255907107,PC
5761.01,428703516,PC
5762.01,257531677,PC
5763.01,354832924,PC
5764.01,150476057,PC
5765.01,397763985,PC
5767.01,351652998,PC
5768.01,470990157,PC
5769.01,462715015,PC
5770.01,23179035,PC
5771.01,459836041,PC
5772.01,313609787,PC
5773.01,445795465,PC
5774.01,9701368,PC
5775.01,289666986,PC
5776.01,310728245,PC
5777.01,459189798,PC
5778.01,264468702,PC
5779.01,102846772,PC
5780.01,43333094,PC
5781.01,279920478,PC
5782.01,158845573,PC
5783.01,319684122,PC
5785.01,456367532,PC
5786.01,40292751,PC
5788.01,42883782,PC
5788.02,42883782,PC
5789.01,87216634,PC
579.01,238061845,PC
5791.01,110936761,PC
5795.01,151724385,PC
5799.01,328081248,PC
580.01,81419525,PC
5800.01,151759246,PC
5805.01,378390325,PC
5806.01,283621618,PC
5807.01,188646744,PC
5808.01,459735346,PC
5809.01,283471501,PC
581.01,180987952,PC
5810.01,379824738,PC
5811.01,331484419,PC
5813.01,92439980,PC
5814.01,427041513,PC
5816.01,194076601,PC
5817.01,418604868,PC
5819.01,330218897,PC
5825.01,269243313,PC
5826.01,48253329,PC
5827.01,369062542,PC
5828.01,351077390,PC
5829.01,363029616,PC
583.01,131743355,PC
5830.01,224418572,PC
5831.01,308504559,PC
5832.01,287934343,PC
5833.01,213875310,PC
5834.01,281118572,PC
5835.01,346859243,PC
5836.01,354727907,PC
5837.01,395143000,PC
5838.01,222485202,PC
5840.01,68345291,PC
5841.01,350882505,PC
5842.01,23937608,PC
5843.01,24113219,PC
5844.01,230292034,PC
5845.01,209935997,PC
5846.01,75784122,PC
5847.01,95574586,PC
5848.01,808243,PC
5849.01,71459120,PC
5851.01,277329402,PC
5852.01,387844266,PC
5853.01,278623780,PC
5854.01,346154016,PC
5856.01,3680800,PC
5857.01,336072306,PC
5858.01,256046749,PC
5859.01,114947483,PC
5861.01,11034516,PC
5863.01,345205395,PC
5864.01,184531966,PC
5865.01,383216635,PC
5867.01,380517859,PC
5868.01,236158940,PC
5869.01,210169818,PC
587.01,294090620,PC
5870.01,305375697,PC
5871.01,373816781,PC
5872.01,138671052,PC
5873.01,353146308,PC
5874.01,376454594,PC
5875.01,283165117,PC
5877.01,282890159,PC
5878.01,247172524,PC
5879.01,258037656,PC
588.01,130415266,PC
5880.01,184521624,PC
5881.01,360142739,PC
5882.01,232941965,PC
5884.01,13574009,PC
5885.01,233788275,PC
5886.01,15682927,PC
5888.01,273780062,PC
5889.01,383214426,PC
5890.01,279179610,PC
5891.01,202941251,PC
5893.01,321790238,PC
5894.01,398038296,PC
5895.01,243464977,PC
5896.01,14956304,PC
5897.01,305612552,PC
5898.01,467211520,PC
5900.01,224635135,PC
5902.01,65737977,PC
5903.01,60542708,PC
5904.01,408317165,PC
5905.01,341299943,PC
5907.01,387318486,PC
5909.01,354489554,PC
5911.01,239361732,PC
5912.01,16538820,PC
5914.01,187416256,PC
5915.01,329709756,PC
5916.01,305506996,PC
5917.01,239529652,PC
5918.01,305790119,PC
5919.01,165948070,PC
5920.01,467006627,PC
5921.01,286545058,PC
5922.01,364192929,PC
5923.01,60491424,PC
5925.01,345193111,PC
5926.01,372831381,PC
5927.01,163164300,PC
5928.01,387318409,PC
5929.01,92217989,PC
5930.01,88266880,PC
5931.01,24833662,PC
5932.01,405122173,PC
5933.01,322593401,PC
5934.01,407958640,PC
5935.01,276704866,PC
5936.01,396378209,PC
5937.01,158552665,PC
5938.01,452508760,PC
5939.01,27230283,PC
594.01,146406806,PC
5941.01,303456821,PC
5943.01,63659057,PC
5944.01,88101924,PC
5945.01,159104028,PC
5946.01,366846982,PC
5947.01,331691841,PC
5949.01,64282927,PC
5950.01,258738667,PC
5951.01,154762431,PC
5952.01,287643871,PC
5953.01,27863043,PC
5954.01,297153209,PC
5955.01,434116397,PC
5956.01,236785891,PC
5957.01,407653728,PC
5958.01,436764867,PC
5961.01,262689575,PC
5964.01,200606159,PC
5965.01,405788729,PC
5967.01,369532319,PC
5968.01,431810418,PC
5968.02,431810418,PC
5971.01,160432093,PC
5973.01,154353849,PC
5974.01,354173595,PC
5975.01,376847633,PC
5978.01,266023807,PC
5981.01,120045750,PC
5983.01,356871098,PC
5985.01,272782368,PC
5987.01,284900292,PC
5989.01,154437244,PC
5990.01,29385858,PC
5991.01,230064711,PC
5996.01,293880523,PC
5997.01,39516274,PC
5998.01,370907864,PC
6000.01,259233660,PC
6002.01,102734241,PC
6007.01,279922257,PC
6008.01,286201103,PC
6009.01,128558444,PC
601.01,141363913,PC
6010.01,199949052,PC
6011.01,414019147,PC
6012.01,432280671,PC
6016.01,327369524,PC
6018.01,67881560,PC
6019.01,125520907,PC
6022.01,455947620,PC
6022.02,455947620,PC
6025.01,439942982,PC
6026.01,396234347,PC
6027.01,368678195,PC
6029.01,419523962,PC
6032.01,285466025,PC
6033.01,67711670,PC
6034.01,388076422,PC
6035.01,323194443,PC
6038.01,194736418,PC
6040.01,250839071,PC
6041.01,192415680,PC
6042.01,374919956,PC
6044.01,356916207,PC
6045.01,467649533,PC
6046.01,66296167,PC
6047.01,115451738,PC
6048.01,280024247,PC
605.01,181304295,PC
6050.01,339207264,PC
6051.01,353960022,PC
6054.01,392681545,PC
6054.02,392681545,PC
6055.01,355640518,PC
6056.01,102808276,PC
6057.01,104734832,PC
6058.01,144006874,PC
6059.01,321578632,PC
6060.01,428867906,PC
6061.01,239823606,PC
6062.01,122629761,PC
6063.01,67031480,PC
6064.01,428767018,PC
6065.01,172033454,PC
6066.01,219697927,PC
6067.01,198458010,PC
6068.01,400093502,PC
6070.01,29106627,PC
6071.01,440624788,PC
6074.01,99896567,PC
6075.01,424388628,PC
6076.01,308301091,PC
6077.01,196066560,PC
6078.01,119973835,PC
6078.02,119973835,PC
6079.01,272670038,PC
6080.01,116048097,PC
6082.01,199712572,PC
6085.01,160223936,PC
6086.01,18318288,PC
6091.01,336255880,PC
6093.01,97165413,PC
6095.01,157081737,PC
6097.01,293743169,PC
6098.01,269341832,PC
6099.01,118914286,PC
6100.01,170434745,PC
6102.01,55849732,PC
6103.01,92590258,PC
6104.01,265010875,PC
6105.01,182405015,PC
6107.01,152245179,PC
6108.01,255780160,PC
6109.01,384984325,PC
6109.02,384984325,PC
611.01,154459165,PC
6110.01,7439480,PC
6112.01,258741560,PC
6113.01,116631353,PC
6114.01,419840740,PC
6115.01,120115768,PC
6116.01,364408162,PC
6117.01,436508469,PC
6118.01,125367522,PC
6119.01,322498101,PC
612.01,284738182,PC
6120.01,435851868,PC
6121.01,165682741,PC
6122.01,352442207,PC
6123.01,91101364,PC
6124.01,269488987,PC
6125.01,404516402,PC
6126.01,129004637,PC
6127.01,313975346,PC
6128.01,100769500,PC
6129.01,115739057,PC
613.01,77527511,PC
6130.01,210083929,PC
6131.01,357872559,PC
6132.01,188800346,PC
6134.01,199721945,PC
6135.01,100909102,PC
6136.01,468692991,PC
6137.01,44295981,PC
6138.01,352892371,PC
6139.01,468765355,PC
6140.01,456783397,PC
6141.01,217980791,PC
6142.01,129108133,PC
6144.01,115683877,PC
6145.01,404488903,PC
6146.01,372178596,PC
6147.01,402740809,PC
6148.01,371573539,PC
6149.01,195606729,PC
6150.01,434186655,PC
6151.01,312289279,PC
6153.01,411343008,PC
6154.01,301986302,PC
6155.01,120051913,PC
6158.01,404456775,PC
6159.01,422037524,PC
616.01,145879095,PC
6160.01,294904059,PC
6161.01,188001223,PC
6162.01,164260243,PC
6163.01,422457210,PC
6164.01,239542854,PC
6165.01,287863314,PC
6166.01,190822775,PC
6167.01,330665027,PC
6168.01,10593553,PC
6169.01,193979250,PC
6171.01,67478724,PC
6173.01,416486384,PC
6174.01,164280385,PC
6175.01,258738570,PC
6176.01,298776943,PC
6177.01,331456189,PC
6178.01,314649737,PC
6179.01,257056367,PC
618.01,173640199,PC
6180.01,452743735,PC
6181.01,199162630,PC
6182.01,97249514,PC
6183.01,351864831,PC
6184.01,257207557,PC
6185.01,346077232,PC
6187.01,251894891,PC
6188.01,469702377,PC
6189.01,63844530,PC
6190.01,440636649,PC
6191.01,197743152,PC
6192.01,194234471,PC
6193.01,387933822,PC
6194.01,176861415,PC
6195.01,155258153,PC
6196.01,330944099,PC
6197.01,196261799,PC
6198.01,202514659,PC
6199.01,302201081,PC
6200.01,44621795,PC
6201.01,455727012,PC
6202.01,422223456,PC
6203.01,437756191,PC
6204.01,325410269,PC
6205.01,154351773,PC
6206.01,154576989,PC
6208.01,326475995,PC
6211.01,25758870,PC
6212.01,173671381,PC
6213.01,430751891,PC
6214.01,314088020,PC
6215.01,431114892,PC
6216.01,428317266,PC
6217.01,375116172,PC
6218.01,202283090,PC
6219.01,252585354,PC
6220.01,325653071,PC
6221.01,456910600,PC
6222.01,150907983,PC
6223.01,288144647,PC
6224.01,66726479,PC
6225.01,352147273,PC
6226.01,176789447,PC
6227.01,53874375,PC
6228.01,66788350,PC
6229.01,437736517,PC
6230.01,252610172,PC
6231.01,406783172,PC
6232.01,202087931,PC
6233.01,431660224,PC
6234.01,202282233,PC
6237.01,430431091,PC
6238.01,125489084,PC
6239.01,319294834,PC
6240.01,249776059,PC
6241.01,15654898,PC
6243.01,276250096,PC
6245.01,446157122,PC
6246.01,388505345,PC
6247.01,418301643,PC
6248.01,154304816,PC
6249.01,456260074,PC
6249.02,456260074,PC
6250.01,455737331,PC
6252.01,307734818,PC
6253.01,287152495,PC
6254.01,432758245,PC
6255.01,261135533,PC
6256.01,373017793,PC
6257.01,237204346,PC
6258.01,435878153,PC
6259.01,294497466,PC
6260.01,60984804,PC
6261.01,181748381,PC
6262.01,180575165,PC
6263.01,293547742,PC
6264.01,291471222,PC
6265.01,344927749,PC
6265.02,344927749,PC
6266.01,193023697,PC
6267.01,296737508,PC
6268.01,434477274,PC
6270.01,192976435,PC
6271.01,134528212,PC
6274.01,465933345,PC
6276.01,397362481,PC
6276.02,397362481,PC
6276.03,397362481,PC
6277.01,462206806,PC
6280.01,370877263,PC
6281.01,152569268,PC
6282.01,370009806,PC
6283.01,361218772,PC
6284.01,286763141,PC
6285.01,308778563,PC
6287.01,22712134,PC
6288.01,240714633,PC
6289.01,292469572,PC
6290.01,256576519,PC
6291.01,26390980,PC
6292.01,238751619,PC
6293.01,34977731,PC
6293.02,34977731,PC
6294.01,434813314,PC
6295.01,456171328,PC
6296.01,373894336,PC
6297.01,369907772,PC
6299.01,285505979,PC
6300.01,271747067,PC
6301.01,326809267,PC
6302.01,177712122,PC
6303.01,186810676,PC
6304.01,186989177,PC
6305.01,320505267,PC
6306.01,445370101,PC
6307.01,202869426,PC
6308.01,301414902,PC
6309.01,412887082,PC
6310.01,353893493,PC
6311.01,52260140,PC
6312.01,470724594,PC
6313.01,192487723,PC
6314.01,272218608,PC
6315.01,354742440,PC
6316.01,444753130,PC
6317.01,85281192,PC
6318.01,292852583,PC
6319.01,12980264,PC
6320.01,196474344,PC
6321.01,301991463,PC
6322.01,270132709,PC
6323.01,63586213,PC
6324.01,372207328,PC
6325.01,200775844,PC
6326.01,307201632,PC
6327.01,196973090,PC
6328.01,249884767,PC
6329.01,283845022,PC
6330.01,308120029,PC
6331.01,415875608,PC
6332.01,101133275,PC
6333.01,5724439,PC
6334.01,63718617,PC
6335.01,407156755,PC
6336.01,327126871,PC
6337.01,381591826,PC
6338.01,186715217,PC
6339.01,332496784,PC
6340.01,376765646,PC
6341.01,285328782,PC
6342.01,184739529,PC
6344.01,327093061,PC
6345.01,241062925,PC
6346.01,260040728,PC
6347.01,467690903,PC
6348.01,321258259,PC
6349.01,470450936,PC
6350.01,266609407,PC
6351.01,392674549,PC
6352.01,459102737,PC
6353.01,259810421,PC
6354.01,355418639,PC
6355.01,98613492,PC
6356.01,9136777,PC
6357.01,122881136,PC
6358.01,259708416,PC
6359.01,267617257,PC
6360.01,458987621,PC
6361.01,450308346,PC
6362.01,148514918,PC
6363.01,311284709,PC
6364.01,407517154,PC
6365.01,272994016,PC
6366.01,279851358,PC
6367.01,259502942,PC
6368.01,274002141,PC
6369.01,274472658,PC
637.01,133334108,PC
6370.01,251705938,PC
6371.01,279725262,PC
6372.01,115899725,PC
6373.01,286951368,PC
6374.01,468501184,PC
6375.01,390410937,PC
6376.01,9441591,PC
6378.01,251594291,PC
6379.01,450308271,PC
6380.01,458890024,PC
6381.01,470653603,PC
6382.01,367522211,PC
6383.01,328513434,PC
6384.01,16550540,PC
6385.01,16552586,PC
6386.01,138344895,PC
6387.01,459982699,PC
6388.01,16776356,PC
6389.01,239159011,PC
6390.01,318071201,PC
6391.01,171922657,PC
6392.01,88460991,PC
6393.01,147821208,PC
6394.01,309512152,PC
6395.01,191998744,PC
6397.01,359629653,PC
6399.01,287207371,PC
6400.01,88999533,PC
6401.01,150470555,PC
6402.01,265076459,PC
6403.01,94405787,PC
6404.01,141395223,PC
6405.01,142908390,PC
6406.01,31605271,PC
6407.01,97925605,PC
6408.01,452867348,PC
6409.01,97279971,PC
6410.01,142916753,PC
6411.01,106829921,PC
6412.01,176082442,PC
6413.01,170466784,PC
6414.01,169191182,PC
6415.01,157050713,PC
6416.01,106626059,PC
6417.01,95191643,PC
6418.01,36022284,PC
6419.01,144037593,PC
642.01,79292541,PC
6420.01,143526233,PC
6421.01,107617930,PC
6422.01,140740440,PC
6423.01,141458054,PC
6424.01,98159959,PC
6425.01,107776260,PC
6426.01,142420436,PC
6427.01,22972676,PC
6428.01,238914510,PC
6429.01,348501452,PC
6430.01,50211272,PC
6431.01,54141697,PC
6432.01,141933255,PC
6433.01,266486214,PC
6434.01,32296259,PC
6435.01,60189629,PC
6436.01,290415036,PC
6437.01,139707575,PC
6438.01,332383229,PC
6440.01,348297468,PC
6441.01,422031406,PC
6442.01,97921547,PC
6443.01,125563127,PC
6444.01,97588014,PC
6445.01,323569398,PC
6446.01,122798633,PC
6447.01,347442932,PC
6448.01,320411045,PC
6449.01,168936945,PC
6450.01,47244580,PC
6451.01,150559728,PC
6452.01,7562528,PC
6453.01,66242670,PC
6454.01,146413471,PC
6454.02,146413471,PC
6455.01,255588086,PC
6456.01,270456887,PC
6457.01,328502522,PC
6458.01,2507547,PC
6459.01,238317637,PC
6460.01,93862917,PC
6461.01,123133954,PC
6462.01,453009027,PC
6463.01,180989820,PC
6464.01,190643105,PC
6465.01,184801054,PC
6466.01,186707229,PC
6467.01,385157401,PC
6468.01,180931993,PC
6469.01,4598935,PC
647.01,92992033,PC
6470.01,12061971,PC
6471.01,410901394,PC
6472.01,140706833,PC
6473.01,410303247,PC
6474.01,189097100,PC
6475.01,132314633,PC
6476.01,380528770,PC
6477.01,11927677,PC
6478.01,332657786,PC
6479.01,181208298,PC
6480.01,81089255,PC
6481.01,101225566,PC
6482.01,189300053,PC
6483.01,355449539,PC
6484.01,294394558,PC
6485.01,281286325,PC
6486.01,46772529,PC
6487.01,37754672,PC
6488.01,238124845,PC
6489.01,423445163,PC
649.01,35582553,PC
6490.01,118754987,PC
6491.01,25212199,PC
6492.01,47143972,PC
6493.01,445522339,PC
6494.01,438376091,PC
6495.01,36808091,PC
6496.01,374741750,PC
6497.01,303426966,PC
6498.01,371596277,PC
6499.01,45881495,PC
6500.01,72806004,PC
6501.01,35973654,PC
6502.01,75580659,PC
6503.01,358838026,PC
6504.01,177257073,PC
6505.01,376800517,PC
6506.01,469008497,PC
6507.01,54145416,PC
6508.01,142277868,PC
6509.01,358164738,PC
651.01,72090501,PC
6510.01,361154154,PC
6511.01,303030789,PC
6512.01,72542944,PC
6513.01,29780740,PC
6514.01,439618305,PC
6515.01,101961987,PC
6516.01,446524637,PC
6517.01,5709314,PC
6518.01,139314045,PC
6519.01,188128470,PC
6520.01,382688257,PC
6521.01,382187347,PC
6522.01,71674064,PC
6523.01,167720788,PC
6524.01,356921678,PC
6525.01,147193084,PC
6526.01,57694405,PC
6527.01,437774844,PC
6528.01,363417404,PC
6529.01,54238138,PC
6530.01,49066806,PC
6531.01,297853363,PC
6532.01,72542131,PC
6533.01,464544047,PC
6534.01,459604398,PC
6535.01,46104747,PC
6536.01,280647591,PC
6537.01,80384677,PC
6538.01,306248357,PC
6539.01,310497279,PC
654.01,35009898,PC
6540.01,142171554,PC
6541.01,457337619,PC
6543.01,390151888,PC
6544.01,161738745,PC
6545.01,72504017,PC
6548.01,302212110,PC
6549.01,290777444,PC
6550.01,133850380,PC
6552.01,220460087,PC
6553.01,324422520,PC
6554.01,94483093,PC
6555.01,259606227,PC
6556.01,179739873,PC
6557.01,141074654,PC
6558.01,420529106,PC
6559.01,313671132,PC
6561.01,3728481,PC
6562.01,368713985,PC
6563.01,210441429,PC
6564.01,453668803,PC
6565.01,392914193,PC
6566.01,121560868,PC
6567.01,366316586,PC
6568.01,253126207,PC
6569.01,22560356,PC
6570.01,73310180,PC
6571.01,243550555,PC
6572.01,124617560,PC
6573.01,419503191,PC
6574.01,464542805,PC
6575.01,272251987,PC
6576.01,304363215,PC
6577.01,144321743,PC
6578.01,144077896,PC
6579.01,308010949,PC
658.01,48476907,PC
6580.01,170627138,PC
6581.01,94012094,PC
6582.01,438629686,PC
6583.01,377771417,PC
6584.01,374155286,PC
6585.01,162729620,PC
6586.01,363259409,PC
6587.01,131312528,PC
6588.01,289389326,PC
6589.01,91794828,PC
659.01,48476908,PC
6590.01,72123144,PC
6591.01,463868678,PC
6592.01,398945279,PC
6593.01,241297273,PC
6594.01,49411575,PC
6595.01,361344753,PC
6596.01,306249066,PC
6597.01,131195882,PC
6598.01,22452837,PC
6599.01,166145361,PC
6600.01,325647810,PC
6601.01,167573692,PC
6602.01,392027961,PC
6603.01,90048949,PC
6604.01,56884,PC
6605.01,263207857,PC
6606.01,242532142,PC
6607.01,400968492,PC
6608.01,366315051,PC
6609.01,291668351,PC
6610.01,289076007,PC
6611.01,403368444,PC
6612.01,76706043,PC
6613.01,426904354,PC
6614.01,149179763,PC
6615.01,145804834,PC
6616.01,349503728,PC
6617.01,439381274,PC
6618.01,350432166,PC
6619.01,399195246,PC
6620.01,241592217,PC
6621.01,374908396,PC
6622.01,260539542,PC
6623.01,207937389,PC
6624.01,443199889,PC
6625.01,258409964,PC
6626.01,148691985,PC
6627.01,411463659,PC
6628.01,75650448,PC
6629.01,160442729,PC
663.01,54962195,PC
663.02,54962195,PC
663.03,54962195,PC
6630.01,312612366,PC
6631.01,457446242,PC
6632.01,292349703,PC
6633.01,38584799,PC
6634.01,400491269,PC
6635.01,330424797,PC
6636.01,209054294,PC
6637.01,256124756,PC
6638.01,460316238,PC
6639.01,446918603,PC
6640.01,167654347,PC
6641.01,241525834,PC
6642.01,23111,PC
6643.01,332887363,PC
6644.01,149450435,PC
6645.01,15827263,PC
6646.01,346855283,PC
6647.01,439943973,PC
6648.01,440150441,PC
6649.01,258940847,PC
6650.01,64837857,PC
6651.01,174328045,PC
6652.01,283884522,PC
6653.01,150901009,PC
6654.01,278726770,PC
6655.01,304690618,PC
6655.02,304690618,PC
6657.01,96475638,PC
6658.01,292221593,PC
6659.01,272768631,PC
6660.01,468178519,PC
6661.01,355895977,PC
6662.01,418343229,PC
6663.01,415732733,PC
6664.01,147561732,PC
6665.01,192014454,PC
6666.01,256429408,PC
6667.01,161169240,PC
6668.01,206361691,PC
6669.01,333736132,PC
6670.01,126797048,PC
6671.01,53843023,PC
6672.01,331644554,PC
6673.01,99989903,PC
6674.01,452920657,PC
6675.01,141522677,PC
6676.01,423360793,PC
6677.01,62085710,PC
6678.01,253864764,PC
6679.01,344034178,PC
6680.01,6898572,PC
6682.01,254141733,PC
6683.01,394126269,PC
6684.01,273270473,PC
6685.01,6764171,PC
6687.01,396246765,PC
6688.01,464658144,PC
6689.01,410119093,PC
669.01,124573851,PC
6690.01,149989864,PC
6690.02,149989864,PC
6691.01,382258844,PC
6692.01,324609409,PC
6693.01,35377903,PC
6694.01,27414976,PC
6695.01,118339710,PC
6697.02,441546821,PC
6698.01,5966772,PC
6699.01,341405597,PC
6700.01,167085203,PC
6701.01,349789882,PC
6702.01,179442778,PC
6703.01,255560319,PC
6704.01,342449055,PC
6704.02,342449055,PC
6705.01,379717270,PC
6706.01,411731278,PC
6707.01,287328202,PC
6708.01,269849065,PC
6709.01,20375215,PC
6710.01,143842198,PC
6712.01,192943720,PC
6713.01,428673146,PC
6714.01,261264800,PC
6715.01,460950389,PC
6716.01,112115898,PC
6717.01,34986694,PC
6718.01,405428714,PC
6721.01,253917292,PC
6722.01,220524097,PC
6723.01,370010846,PC
6724.01,261646133,PC
6725.01,150320610,PC
6727.01,47482754,PC
6728.01,287326127,PC
6729.01,426032475,PC
6729.02,426032475,PC
6730.01,382521776,PC
6731.01,9032367,PC
6732.01,349891396,PC
6733.01,221566773,PC
6734.01,412666676,PC
6735.01,76899250,PC
6736.01,324150445,PC
6737.01,171886633,PC
6738.01,89417257,PC
6739.01,91324328,PC
6740.01,174070181,PC
6741.01,263203229,PC
6742.01,307232923,PC
6743.01,361403927,PC
6744.01,345056639,PC
6745.01,301247383,PC
6746.01,367900542,PC
6747.01,343717397,PC
6748.01,421056636,PC
6749.01,426901646,PC
6750.01,299876474,PC
6751.01,381448973,PC
6752.01,87422071,PC
6753.01,301248781,PC
6754.01,261192051,PC
6755.01,381468938,PC
6756.01,314193010,PC
6757.01,89659632,PC
6758.01,383313006,PC
6759.01,57011946,PC
676.01,219187649,PC
6760.01,361467239,PC
6761.01,234540647,PC
6762.01,360224870,PC
6763.01,96829917,PC
6765.01,420369105,PC
6766.01,311856080,PC
6767.01,90156362,PC
6768.01,365952328,PC
6769.01,304430662,PC
6770.01,375297961,PC
6771.01,61621800,PC
6772.01,469813927,PC
6773.01,355138852,PC
6774.01,79660831,PC
6775.01,100263315,PC
6776.01,344552721,PC
6777.01,32443914,PC
6778.01,421990278,PC
6779.01,467931774,PC
678.01,294395926,PC
6780.01,419738713,PC
6781.01,411955845,PC
6782.01,254209017,PC
6783.01,291013124,PC
6784.01,253857911,PC
6785.01,219978369,PC
6786.01,253788533,PC
6787.01,201658484,PC
6788.01,319568755,PC
6789.01,90935909,PC
6790.01,129458276,PC
6791.01,101272159,PC
6792.01,326327260,PC
6793.01,352438619,PC
6794.01,408609355,PC
6795.01,269372232,PC
6796.01,32046665,PC
6797.01,164249928,PC
6798.01,290403522,PC
6799.01,387295547,PC
6800.01,254174907,PC
6801.01,90935995,PC
6802.01,262470965,PC
6803.01,166495921,PC
6804.01,100264497,PC
6805.01,112989868,PC
6807.01,441076258,PC
6808.01,261680542,PC
6809.01,29821723,PC
681.01,410450228,PC
6810.01,214515989,PC
6811.01,129711632,PC
6812.01,92443533,PC
6813.01,364267778,PC
6814.01,211352962,PC
6815.01,233964924,PC
6816.01,278525028,PC
6817.01,402027382,PC
6818.01,281666033,PC
6819.01,327917279,PC
6820.01,350821320,PC
6822.01,261679541,PC
6823.01,259884973,PC
6824.01,197642926,PC
6825.01,197598125,PC
6826.01,55450156,PC
6827.01,302453291,PC
6828.01,278666476,PC
6829.01,469967533,PC
6830.01,29430403,PC
6831.01,380884709,PC
6832.01,8995204,PC
6837.01,262584907,PC
6839.01,126982911,PC
684.01,462162948,PC
6840.01,380886534,PC
6841.01,257467784,PC
6842.01,58858008,PC
6843.01,369474541,PC
6844.01,311086350,PC
6845.01,399571743,PC
6846.01,254296853,PC
6847.01,150063444,PC
6848.01,230982415,PC
6850.01,9166136,PC
6851.01,350861689,PC
6852.01,166671025,PC
6853.01,197808753,PC
6854.01,55363630,PC
6855.01,274017513,PC
6856.01,254301731,PC
6857.01,281596890,PC
6858.01,201254754,PC
6859.01,237909527,PC
686.01,339857675,PC
6860.01,36646052,PC
6861.01,293267224,PC
6862.01,408508003,PC
6863.01,419957314,PC
6864.01,25959926,PC
6865.01,405269313,PC
6866.01,344224831,PC
6867.01,405230669,PC
6868.01,408506314,PC
6869.01,28872266,PC
687.01,74534430,PC
6870.01,58726656,PC
6871.01,426471754,PC
6873.01,67395329,PC
6875.01,403693870,PC
6876.01,377024332,PC
6879.01,364955057,PC
6880.01,4486230,PC
6881.01,431899136,PC
6884.01,156514476,PC
6885.01,154067753,PC
6886.01,397053253,PC
6887.01,39174810,PC
6888.01,312543349,PC
6889.01,282794970,PC
6890.01,5364106,PC
6891.01,165312726,PC
6892.01,253054954,PC
6893.01,272125414,PC
6894.01,67512645,PC
6895.01,252537013,PC
6896.01,9707944,PC
6897.01,89043973,PC
6898.01,441158994,PC
6899.01,139879080,PC
6900.01,140893722,PC
6901.01,262928973,PC
6902.01,167656187,PC
6903.01,9216075,PC
6904.01,387294150,PC
6905.01,354846183,PC
6906.01,195192253,PC
6907.01,198185513,PC
6908.01,197039766,PC
6909.01,252913663,PC
6910.01,288471046,PC
6911.01,428812049,PC
6912.01,67181830,PC
6913.01,121070864,PC
6914.01,59369068,PC
6915.01,367439938,PC
6916.01,264159776,PC
6917.01,47220926,PC
6918.01,365509373,PC
6919.01,69054388,PC
6920.01,84126162,PC
6921.01,58474992,PC
6922.01,114422211,PC
6923.01,418184767,PC
6924.01,91777086,PC
6925.01,57147191,PC
6926.01,76731445,PC
6927.01,67349298,PC
6928.01,45376816,PC
6929.01,49524528,PC
6930.01,462507821,PC
6931.01,307375528,PC
6932.01,63307816,PC
6933.01,78290597,PC
6934.01,19560484,PC
6935.01,270048796,PC
6936.01,63082902,PC
6937.01,294434193,PC
6938.01,114600571,PC
6939.01,88929544,PC
6940.01,421006834,PC
6941.01,74389253,PC
6942.01,238506223,PC
6943.01,262137985,PC
6944.01,421005422,PC
6945.01,392022763,PC
6946.01,14435301,PC
6947.01,457039843,PC
6949.01,45905504,PC
695.01,55559618,PC
6950.01,165965790,PC
6951.01,83180637,PC
6954.01,443607377,PC
6955.01,81963214,PC
6956.01,294350792,PC
6957.01,30853990,PC
6958.01,219108677,PC
6959.01,230013442,PC
6960.01,204496071,PC
6961.01,404715325,PC
6963.01,56658270,PC
6964.01,243208884,PC
6965.01,80224448,PC
6965.02,80224448,PC
6966.01,243030574,PC
6968.01,121990418,PC
6969.01,17129975,PC
6969.02,17129975,PC
6971.01,354031707,PC
6972.01,219824470,PC
6973.01,427765233,PC
6974.01,348684814,PC
6976.01,5972036,PC
6978.01,320847025,PC
698.01,141527579,PC
6980.01,422912527,PC
6981.01,443823169,PC
6982.01,113921235,PC
6983.01,368628986,PC
6985.01,59490344,PC
6986.01,366302410,PC
6987.01,21035365,PC
6988.01,70897115,PC
6989.01,261141602,PC
699.01,149302744,PC
699.02,149302744,PC
699.03,149302744,PC
6990.01,353302490,PC
6991.01,440562226,PC
6992.01,259330386,PC
6993.01,408656366,PC
6994.01,55390413,PC
6995.01,383829317,PC
6996.01,41875043,PC
6997.01,357858008,PC
6998.01,350733403,PC
6999.01,444977814,PC
7000.01,154926644,PC
7001.01,85113291,PC
7002.01,317290270,PC
7003.01,219707850,PC
7004.01,390207998,PC
7005.01,99834321,PC
7006.01,343336312,PC
7007.01,289441015,PC
7008.01,335661164,PC
7009.01,405837291,PC
7010.01,233867481,PC
7011.01,167631701,PC
7012.01,322369867,PC
7013.01,67246795,PC
7014.01,158657991,PC
7015.01,11894726,PC
7016.01,16740548,PC
7017.01,1881298619,PC
7018.01,156512187,PC
7019.01,366119858,PC
702.01,237914496,PC
7020.01,233287217,PC
7021.01,233855268,PC
7022.01,125366299,PC
7023.01,230856987,PC
7024.01,354032153,PC
7025.01,219803922,PC
7026.01,219809549,PC
7027.01,164783371,PC
7028.01,416195843,PC
7029.01,446166017,PC
703.01,237928815,PC
703.02,237928815,PC
7030.01,430930679,PC
7031.01,284592989,PC
705.01,391904697,PC
706.01,219345200,PC
707.01,167342439,PC
707.02,167342439,PC
709.02,396720998,PC
711.01,38510224,PC
711.02,38510224,PC
713.01,167600516,PC
713.02,167600516,PC
714.01,219195044,PC
714.02,219195044,PC
721.01,38571020,PC
722.01,38509907,PC
723.01,177077336,PC
724.01,339961200,PC
727.01,149788158,PC
727.02,149788158,PC
729.01,144138509,PC
734.01,146846569,PC
738.01,260304800,PC
739.01,279425357,PC
740.01,310009611,PC
741.01,359271092,PC
743.01,434486077,PC
746.01,167418903,PC
754.01,72985822,PC
756.01,73649615,PC
757.01,130924120,PC
761.01,165317334,PC
761.02,165317334,PC
762.01,178709444,PC
771.01,277634430,PC
772.01,286864983,PC
772.02,286864983,PC
777.01,334305570,PC
779.01,374095457,PC
782.01,429358906,PC
783.01,451645081,PC
785.01,374829238,PC
786.01,375059587,PC
786.02,375059587,PC
787.01,350584963,PC
788.01,349829627,PC
789.01,300710077,PC
789.02,300710077,PC
789.03,300710077,PC
790.01,308994098,PC
790.02,308994098,PC
790.03,308994098,PC
791.01,306472057,PC
791.02,306472057,PC
794.01,299945285,PC
795.01,278895705,PC
797.01,271596225,PC
797.02,271596225,PC
797.03,271596225,PC
799.01,255685030,PC
801.01,177258735,PC
802.01,167303382,PC
804.01,41227743,PC
805.01,38460940,PC
806.01,33831980,PC
807.01,30853470,PC
808.01,30122649,PC
810.01,388106759,PC
810.02,388106759,PC
811.01,100757807,PC
812.01,363914762,PC
815.01,102840239,PC
815.02,102840239,PC
823.01,158978373,PC
829.01,276128561,PC
830.01,281924357,PC
835.01,405700729,PC
841.01,238932509,PC
842.01,141768070,PC
847.01,231289421,PC
851.01,40083958,PC
852.01,29918916,PC
853.01,138727432,PC
855.01,269558487,PC
859.01,150430484,PC
860.01,321011127,PC
862.01,309254930,PC
863.01,238898571,PC
864.01,231728511,PC
867.01,358460246,PC
870.01,219229644,PC
871.01,219344917,PC
872.01,220459826,PC
872.02,220459826,PC
873.01,237920046,PC
874.01,232025086,PC
875.01,14165625,PC
876.01,32497972,PC
880.01,34077285,PC
880.02,34077285,PC
880.03,34077285,PC
883.01,123846039,PC
893.01,123958679,PC
899.01,177162886,PC
900.01,210873792,PC
901.01,214361331,PC
903.01,238197638,PC
906.01,298372701,PC
907.01,305424003,PC
912.01,406941612,PC
917.01,207237016,PC
921.01,278775625,PC
924.01,382068562,PC
926.01,176796997,PC
929.01,175532955,PC
930.01,100921768,PC
931.01,206474443,PC
932.01,260417932,PC
932.02,260417932,PC
933.01,260130483,PC
934.01,220475245,PC
936.01,278198753,PC
938.01,332660150,PC
939.01,67772767,PC
941.01,408137826,PC
943.01,399871011,PC
945.01,167714792,PC
952.01,319312479,PC
963.01,25799609,PC
970.01,174599051,PC
978.01,73038411,PC
990.01,88684250,PC
991.01,7561203,PC
993.01,259353953,PC
